seed,object,class,support,recall,precision,f1
0,M1,0,496,0.9536290322580645,0.88576779026217234,0.91844660194174765
0,M1,1,471,0.89384288747346075,0.89006342494714585,0.89194915254237284
0,M1,2,420,0.88571428571428568,0.96623376623376622,0.92422360248447211
0,M1,3,508,0.72637795275590555,0.85614849187935038,0.78594249201277966
0,M1,4,556,0.89028776978417268,0.75457317073170727,0.81683168316831689
0,M1,5,545,0.95045871559633033,0.9980732177263969,0.97368421052631593
0,M1,6,23,0.86956521739130432,0.58823529411764708,0.70175438596491235
0,M1,7,10,0.69999999999999996,0.77777777777777779,0.73684210526315774
0,M1,8,32,0.6875,0.66666666666666663,0.67692307692307696
0,M1,9,25,0.88,0.5,0.63768115942028991
0,M1,10,49,0.51020408163265307,0.625,0.5617977528089888
0,M1,11,27,0.07407407407407407,0.5,0.12903225806451613
0,M2,0,496,0.81048387096774188,0.84810126582278478,0.82886597938144335
0,M2,1,471,0.87261146496815289,0.9362186788154897,0.9032967032967032
0,M2,2,420,0.84523809523809523,0.74112734864300622,0.78976640711902113
0,M2,3,508,0.70669291338582674,0.71513944223107573,0.71089108910891097
0,M2,4,556,0.7769784172661871,0.8089887640449438,0.79266055045871564
0,M2,5,545,0.73211009174311925,0.69633507853403143,0.71377459749552785
0,M2,6,23,0.43478260869565216,0.5,0.46511627906976744
0,M2,7,10,0.5,1,0.66666666666666663
0,M2,8,32,0.5,0.55172413793103448,0.52459016393442626
0,M2,9,25,0.47999999999999998,0.47999999999999998,0.47999999999999998
0,M2,10,49,0.65306122448979587,0.56140350877192979,0.60377358490566047
0,M2,11,27,0.44444444444444442,0.47999999999999998,0.46153846153846151
0,late_product,0,496,0.97580645161290325,0.96993987975951901,0.97286432160804026
0,late_product,1,471,0.97664543524416136,0.92929292929292928,0.95238095238095244
0,late_product,2,420,0.94523809523809521,0.98024691358024696,0.9624242424242424
0,late_product,3,508,0.85236220472440949,0.92918454935622319,0.88911704312114992
0,late_product,4,556,0.94424460431654678,0.86065573770491799,0.90051457975986271
0,late_product,5,545,0.97431192660550459,0.99812030075187974,0.98607242339832857
0,late_product,6,23,0.78260869565217395,0.71999999999999997,0.74999999999999989
0,late_product,7,10,0.59999999999999998,1,0.74999999999999989
0,late_product,8,32,0.71875,0.67647058823529416,0.69696969696969702
0,late_product,9,25,0.80000000000000004,0.55555555555555558,0.65573770491803285
0,late_product,10,49,0.65306122448979587,0.7441860465116279,0.69565217391304346
0,late_product,11,27,0.22222222222222221,0.54545454545454541,0.31578947368421051
0,late_mean,0,496,0.97177419354838712,0.92514395393474091,0.94788593903638152
0,late_mean,1,471,0.93842887473460723,0.9285714285714286,0.93347412882787761
0,late_mean,2,420,0.94047619047619047,0.9777227722772277,0.95873786407766992
0,late_mean,3,508,0.81692913385826771,0.91611479028697573,0.8636836628511968
0,late_mean,4,556,0.92446043165467628,0.82903225806451608,0.87414965986394544
0,late_mean,5,545,0.96146788990825693,0.98311444652908064,0.9721706864564007
0,late_mean,6,23,0.78260869565217395,0.78260869565217395,0.78260869565217395
0,late_mean,7,10,0.69999999999999996,0.875,0.77777777777777768
0,late_mean,8,32,0.6875,0.6875,0.6875
0,late_mean,9,25,0.83999999999999997,0.53846153846153844,0.65624999999999989
0,late_mean,10,49,0.59183673469387754,0.64444444444444449,0.61702127659574468
0,late_mean,11,27,0.18518518518518517,0.625,0.2857142857142857
0,cpsa,0,496,0.967741935483871,0.91603053435114501,0.94117647058823528
0,cpsa,1,471,0.97664543524416136,0.90019569471624261,0.93686354378818737
0,cpsa,2,420,0.85952380952380958,0.989041095890411,0.91974522292993632
0,cpsa,3,508,0.84842519685039375,0.85685884691848901,0.85262116716122649
0,cpsa,4,556,0.89388489208633093,0.84667802385008517,0.86964129483814523
0,cpsa,5,545,0.94128440366972477,0.99034749034749037,0.96519285042333014
0,cpsa,6,23,0.78260869565217395,0.78260869565217395,0.78260869565217395
0,cpsa,7,10,0.69999999999999996,0.875,0.77777777777777768
0,cpsa,8,32,0.6875,0.6875,0.6875
0,cpsa,9,25,0.83999999999999997,0.55263157894736847,0.66666666666666674
0,cpsa,10,49,0.59183673469387754,0.64444444444444449,0.61702127659574468
0,cpsa,11,27,0.18518518518518517,0.625,0.2857142857142857
1,M1,0,496,0.97782258064516125,0.86917562724014341,0.92030360531309297
1,M1,1,471,0.87898089171974525,0.9241071428571429,0.90097932535364522
1,M1,2,420,0.919047619047619,0.98721227621483376,0.95191122071516643
1,M1,3,508,0.71259842519685035,0.86190476190476195,0.78017241379310331
1,M1,4,556,0.89568345323741005,0.75226586102719029,0.81773399014778325
1,M1,5,545,0.95412844036697253,0.99808061420345484,0.97560975609756095
1,M1,6,23,0.78260869565217395,0.58064516129032262,0.66666666666666674
1,M1,7,10,0.90000000000000002,0.6428571428571429,0.75
1,M1,8,32,0.625,0.58823529411764708,0.60606060606060608
1,M1,9,25,0.47999999999999998,0.54545454545454541,0.51063829787234039
1,M1,10,49,0.44897959183673469,0.6470588235294118,0.53012048192771088
1,M1,11,27,0.51851851851851849,0.51851851851851849,0.51851851851851849
1,M2,0,496,0.79032258064516125,0.88089887640449438,0.83315621679064822
1,M2,1,471,0.90658174097664546,0.90274841437632136,0.90466101694915257
1,M2,2,420,0.85476190476190472,0.7510460251046025,0.79955456570155903
1,M2,3,508,0.81889763779527558,0.62368815592203897,0.70808510638297872
1,M2,4,556,0.73381294964028776,0.81599999999999995,0.7727272727272726
1,M2,5,545,0.60733944954128438,0.74886877828054299,0.6707193515704154
1,M2,6,23,0.43478260869565216,0.52631578947368418,0.47619047619047616
1,M2,7,10,0.59999999999999998,0.75,0.66666666666666652
1,M2,8,32,0.5,0.43243243243243246,0.46376811594202899
1,M2,9,25,0.71999999999999997,0.58064516129032262,0.64285714285714279
1,M2,10,49,0.61224489795918369,0.63829787234042556,0.625
1,M2,11,27,0.25925925925925924,0.46666666666666667,0.33333333333333337
1,late_product,0,496,0.98185483870967738,0.98185483870967738,0.98185483870967738
1,late_product,1,471,0.98301486199575372,0.93535353535353538,0.95859213250517605
1,late_product,2,420,0.95238095238095233,0.98522167487684731,0.96852300242130762
1,late_product,3,508,0.89370078740157477,0.90438247011952189,0.89900990099009903
1,late_product,4,556,0.92446043165467628,0.88927335640138405,0.90652557319223981
1,late_product,5,545,0.96880733944954134,0.99810964083175802,0.98324022346368722
1,late_product,6,23,0.78260869565217395,0.81818181818181823,0.80000000000000004
1,late_product,7,10,0.90000000000000002,0.90000000000000002,0.90000000000000002
1,late_product,8,32,0.65625,0.61764705882352944,0.63636363636363635
1,late_product,9,25,0.56000000000000005,0.56000000000000005,0.56000000000000005
1,late_product,10,49,0.61224489795918369,0.69767441860465118,0.65217391304347827
1,late_product,11,27,0.40740740740740738,0.5,0.44897959183673464
1,late_mean,0,496,0.9838709677419355,0.93846153846153846,0.96062992125984259
1,late_mean,1,471,0.9426751592356688,0.9308176100628931,0.93670886075949367
1,late_mean,2,420,0.95476190476190481,0.98044009779951102,0.96743063932448736
1,late_mean,3,508,0.86220472440944884,0.89387755102040811,0.87775551102204408
1,late_mean,4,556,0.91366906474820142,0.86247877758913416,0.88733624454148474
1,late_mean,5,545,0.95779816513761473,0.99051233396584437,0.97388059701492535
1,late_mean,6,23,0.78260869565217395,0.78260869565217395,0.78260869565217395
1,late_mean,7,10,0.90000000000000002,0.81818181818181823,0.85714285714285721
1,late_mean,8,32,0.53125,0.56666666666666665,0.54838709677419351
1,late_mean,9,25,0.56000000000000005,0.56000000000000005,0.56000000000000005
1,late_mean,10,49,0.53061224489795922,0.65000000000000002,0.5842696629213483
1,late_mean,11,27,0.40740740740740738,0.52380952380952384,0.45833333333333331
1,cpsa,0,496,0.9838709677419355,0.88245931283905965,0.93040991420400387
1,cpsa,1,471,0.92356687898089174,0.91578947368421049,0.91966173361522197
1,cpsa,2,420,0.88809523809523805,0.98677248677248675,0.93483709273182958
1,cpsa,3,508,0.87992125984251968,0.88165680473372776,0.88078817733990145
1,cpsa,4,556,0.88848920863309355,0.88372093023255816,0.88609865470852023
1,cpsa,5,545,0.95963302752293578,0.96851851851851856,0.96405529953917046
1,cpsa,6,23,0.69565217391304346,0.80000000000000004,0.7441860465116279
1,cpsa,7,10,0.90000000000000002,1,0.94736842105263164
1,cpsa,8,32,0.5,0.59259259259259256,0.5423728813559322
1,cpsa,9,25,0.71999999999999997,0.59999999999999998,0.65454545454545465
1,cpsa,10,49,0.61224489795918369,0.65217391304347827,0.63157894736842102
1,cpsa,11,27,0.40740740740740738,0.61111111111111116,0.48888888888888887
2,M1,0,496,0.98790322580645162,0.83050847457627119,0.90239410681399645
2,M1,1,471,0.84925690021231426,0.90909090909090906,0.87815587266739858
2,M1,2,420,0.86190476190476195,0.99178082191780825,0.92229299363057315
2,M1,3,508,0.67322834645669294,0.87692307692307692,0.76169265033407574
2,M1,4,556,0.91546762589928055,0.72507122507122512,0.80922098569157397
2,M1,5,545,0.94311926605504592,1,0.97072710103871584
2,M1,6,23,0.78260869565217395,0.58064516129032262,0.66666666666666674
2,M1,7,10,0.80000000000000004,0.72727272727272729,0.76190476190476197
2,M1,8,32,0.65625,0.67741935483870963,0.66666666666666674
2,M1,9,25,0.80000000000000004,0.54054054054054057,0.64516129032258063
2,M1,10,49,0.55102040816326525,0.72972972972972971,0.62790697674418594
2,M1,11,27,0.37037037037037035,0.7142857142857143,0.48780487804878048
2,M2,0,496,0.74395161290322576,0.92019950124688277,0.82274247491638797
2,M2,1,471,0.89596602972399153,0.90557939914163088,0.90074706510138736
2,M2,2,420,0.90000000000000002,0.72413793103448276,0.80254777070063688
2,M2,3,508,0.70472440944881887,0.68451242829827919,0.69447138700290978
2,M2,4,556,0.82374100719424459,0.76588628762541811,0.79376083188908153
2,M2,5,545,0.66422018348623857,0.74332648870636553,0.70155038759689925
2,M2,6,23,0.60869565217391308,0.53846153846153844,0.57142857142857151
2,M2,7,10,0.29999999999999999,1,0.46153846153846151
2,M2,8,32,0.59375,0.47499999999999998,0.52777777777777779
2,M2,9,25,0.83999999999999997,0.45652173913043476,0.59154929577464788
2,M2,10,49,0.59183673469387754,0.64444444444444449,0.61702127659574468
2,M2,11,27,0.037037037037037035,0.20000000000000001,0.0625
2,late_product,0,496,0.98588709677419351,0.97216699801192841,0.9789789789789789
2,late_product,1,471,0.96390658174097665,0.94190871369294604,0.95278069254984254
2,late_product,2,420,0.95476190476190481,0.98284313725490191,0.96859903381642509
2,late_product,3,508,0.80905511811023623,0.93197278911564629,0.8661749209694416
2,late_product,4,556,0.9532374100719424,0.82170542635658916,0.88259783513738554
2,late_product,5,545,0.95963302752293578,0.99809160305343514,0.9784845650140318
2,late_product,6,23,0.82608695652173914,0.61290322580645162,0.70370370370370372
2,late_product,7,10,0.80000000000000004,1,0.88888888888888895
2,late_product,8,32,0.6875,0.66666666666666663,0.67692307692307696
2,late_product,9,25,0.88,0.51162790697674421,0.6470588235294118
2,late_product,10,49,0.63265306122448983,0.79487179487179482,0.7045454545454547
2,late_product,11,27,0.1111111111111111,0.59999999999999998,0.18750000000000003
2,late_mean,0,496,0.97580645161290325,0.93436293436293438,0.95463510848126232
2,late_mean,1,471,0.92144373673036095,0.93736501079913603,0.92933618843683075
2,late_mean,2,420,0.94285714285714284,0.95652173913043481,0.94964028776978426
2,late_mean,3,508,0.79133858267716539,0.93055555555555558,0.85531914893617023
2,late_mean,4,556,0.9460431654676259,0.80798771121351765,0.87158243579121786
2,late_mean,5,545,0.95779816513761473,0.98676748582230622,0.97206703910614534
2,late_mean,6,23,0.73913043478260865,0.68000000000000005,0.70833333333333337
2,late_mean,7,10,0.80000000000000004,0.88888888888888884,0.8421052631578948
2,late_mean,8,32,0.6875,0.70967741935483875,0.69841269841269837
2,late_mean,9,25,0.92000000000000004,0.52272727272727271,0.66666666666666663
2,late_mean,10,49,0.61224489795918369,0.75,0.6741573033707865
2,late_mean,11,27,0.18518518518518517,0.83333333333333337,0.30303030303030298
2,cpsa,0,496,0.98991935483870963,0.83361629881154498,0.90506912442396314
2,cpsa,1,471,0.86624203821656054,0.94009216589861755,0.90165745856353596
2,cpsa,2,420,0.87142857142857144,0.98918918918918919,0.9265822784810126
2,cpsa,3,508,0.86614173228346458,0.87649402390438247,0.87128712871287128
2,cpsa,4,556,0.89928057553956831,0.87108013937282225,0.88495575221238942
2,cpsa,5,545,0.95963302752293578,0.97574626865671643,0.96762257169287702
2,cpsa,6,23,0.73913043478260865,0.56666666666666665,0.64150943396226412
2,cpsa,7,10,0.80000000000000004,0.88888888888888884,0.8421052631578948
2,cpsa,8,32,0.78125,0.64102564102564108,0.70422535211267612
2,cpsa,9,25,0.80000000000000004,0.51282051282051277,0.625
2,cpsa,10,49,0.48979591836734693,0.82758620689655171,0.61538461538461542
2,cpsa,11,27,0.22222222222222221,0.54545454545454541,0.31578947368421051
