seed,source,k,operator,n_tokens,accuracy,ece,nll,brier,confidence,conf_acc_gap,entropy,d_accuracy,d_ece,d_nll,d_brier,d_confidence,mean_l1_to_k1,prediction_flip_rate,mean_l1_to_pj,source_top_class_agreement,unique_source_argmax_frac,n
0,M1,1,late_product,3,0.87619526925012581,0.10218185096394197,1.1162067651748657,0.22265377640724182,0.97837710380554199,0.10218183455541618,0.054025769233703613,0,0,0,0,0,0,0,0.39470845460891724,0.85052843482637142,1,1987
0,M1,2,late_product,4,0.85052843482637142,0.1349663402215884,1.9939175844192505,0.27814179658889771,0.98480665683746338,0.13427822201109196,0.037090238183736801,-0.025666834423754392,0.032784489257646432,0.87771081924438477,0.055488020181655884,0.0064295530319213867,0.082233257591724396,0.040261701056869652,0.33550542593002319,0.8837443381982889,1,1987
0,M1,3,late_product,5,0.84297936587820832,0.14895520185668321,2.5289847850799561,0.30090290307998657,0.99039864540100098,0.14741927952279266,0.024105532094836235,-0.033215903371917488,0.046773350892741233,1.4127780199050903,0.078249126672744751,0.012021541595458984,0.11283892393112183,0.054353296426774028,0.31760105490684509,0.89531957725213895,1,1987
0,M1,5,late_product,7,0.83090085556114746,0.16450889310347233,3.5018670558929443,0.33220472931861877,0.99368840456008911,0.16278754899894166,0.016654327511787415,-0.045294413688978352,0.062327042139530359,2.3856602907180786,0.10955095291137695,0.015311300754547119,0.14967794716358185,0.071967790639154511,0.28567856550216675,0.91494715651736291,1,1987
0,M1,8,late_product,10,0.80926019124308002,0.18735542732924151,4.3156514167785645,0.37460321187973022,0.99455225467681885,0.18529206343373883,0.013625906780362129,-0.06693507800704579,0.085173576365299541,3.1994446516036987,0.1519494354724884,0.016175150871276855,0.18359652161598206,0.088575742325113241,0.24982395768165588,0.93709109209864117,1,1987
0,M1,16,late_product,18,0.79416205334675394,0.20302917117981323,5.1599211692810059,0.40790316462516785,0.9965813159942627,0.20241926264750876,0.0087476503103971481,-0.08203321590337187,0.10084732021587126,4.0437144041061401,0.18524938821792603,0.018204212188720703,0.21639180183410645,0.10518369401107197,0.23121455311775208,0.95470558631102165,1,1987
0,M1,32,late_product,34,0.78359335681932563,0.21600240708957319,5.6879386901855469,0.43187475204467773,0.99748867750167847,0.21389532068235284,0.0063321157358586788,-0.092601912430800182,0.11382055612563122,4.5717319250106812,0.20922097563743591,0.019111573696136475,0.24000482261180878,0.11575239053850025,0.22116237878799438,0.9662808253648717,1,1987
0,M1,64,late_product,66,0.7725213890286865,0.22744811865091924,6.0297303199768066,0.45379173755645752,0.9979168176651001,0.2253954286364136,0.0053323321044445038,-0.10367388022143931,0.12526626768697727,4.9135235548019409,0.2311379611492157,0.019539713859558105,0.26225346326828003,0.12732762959235028,0.21707369387149811,0.97785606441872164,1,1987
0,M1,100,late_product,102,0.76648213387015607,0.23296737961872291,6.1737403869628906,0.46546289324760437,0.9981040358543396,0.23162190198418353,0.0046266107819974422,-0.10971313537996974,0.13078552865478094,5.0575336217880249,0.24280911684036255,0.019726932048797607,0.27430164813995361,0.13387015601409161,0.21638160943984985,0.98439859084046299,1,1987
0,M2,1,late_product,3,0.87619526925012581,0.10218185096394197,1.1162067651748657,0.22265377640724182,0.97837710380554199,0.10218183455541618,0.054025769233703613,0,0,0,0,0,0,0,0.57106673717498779,0.73527931555108206,1,1987
0,M2,2,late_product,4,0.83392048314041267,0.14305213173250492,1.9363884925842285,0.30502220988273621,0.97694116830825806,0.14302068516784538,0.044869277626276016,-0.042274786109713136,0.040870280768562944,0.82018172740936279,0.082368433475494385,-0.0014359354972839355,0.16967782378196716,0.084549572219426272,0.41704735159873962,0.81680926019124311,1,1987
0,M2,3,late_product,5,0.79416205334675394,0.20300516841635971,3.4628844261169434,0.40594267845153809,0.99560302495956421,0.20144097161281027,0.014078195206820965,-0.08203321590337187,0.10082331745241774,2.3466776609420776,0.18328890204429626,0.017225921154022217,0.27019363641738892,0.13437342727730248,0.33999267220497131,0.86713638651233016,1,1987
0,M2,5,late_product,7,0.74635128334172118,0.25223551302863301,5.3515658378601074,0.50441563129425049,0.99858677387237549,0.2522354905306543,0.0038387326058000326,-0.12984398590840462,0.15005366206469103,4.2353590726852417,0.28176185488700867,0.020209670066833496,0.37383833527565002,0.18570709612481126,0.251167893409729,0.91897332662304987,1,1987
0,M2,8,late_product,10,0.74685455460493211,0.24570727753291249,6.718235969543457,0.49685460329055786,0.99256181716918945,0.24570726256425734,0.015280461870133877,-0.1293407146451937,0.14352542656897052,5.6020292043685913,0.27420082688331604,0.014184713363647461,0.40082347393035889,0.19778560644187218,0.22642606496810913,0.93155510820332155,1,1987
0,M2,16,late_product,18,0.74383492702566678,0.24972151792043409,6.9867444038391113,0.50352340936660767,0.9935564398765564,0.24972151285088962,0.014289727434515953,-0.13236034222445903,0.14753966695649212,5.8705376386642456,0.28086963295936584,0.015179336071014404,0.45534819364547729,0.22445898339204831,0.18155744671821594,0.95822848515349779,1,1987
0,M2,32,late_product,34,0.73930548565676901,0.26060433347559958,7.118833065032959,0.52076005935668945,0.99912971258163452,0.25982422692486551,0.0020398532506078482,-0.1368897835933568,0.15842248251165761,6.0026262998580933,0.29810628294944763,0.020752608776092529,0.51070797443389893,0.25566180171112229,0.16717164218425751,0.98993457473578261,1,1987
0,M2,64,late_product,66,0.73477604428787113,0.26449003874145688,7.2501397132873535,0.52855056524276733,0.99926602840423584,0.26448998411636471,0.0014902886468917131,-0.14141922496225467,0.16230818777751491,6.1339329481124878,0.30589678883552551,0.020888924598693848,0.51830506324768066,0.25968797181680925,0.16536794602870941,0.99446401610468038,1,1987
0,M2,100,late_product,102,0.73276295923502766,0.26691021477390181,7.3301167488098145,0.53368723392486572,0.99967318773269653,0.26691022849766888,0.00074366986518725753,-0.14343231001509815,0.16472836380995984,6.2139099836349487,0.3110334575176239,0.021296083927154541,0.52252078056335449,0.26170105686965273,0.16530977189540863,0.99698037242073478,1,1987
0,M3,1,late_product,3,0.87619526925012581,0.10218185096394197,1.1162067651748657,0.22265377640724182,0.97837710380554199,0.10218183455541618,0.054025769233703613,0,0,0,0,0,0,0,0.56017845869064331,0.71212883744338196,1,1987
0,M3,2,late_product,4,0.90337191746351286,0.081187641524644652,1.2392469644546509,0.18308873474597931,0.98224556446075439,0.078873646997241531,0.04211057722568512,0.027176648213387056,-0.020994209439297321,0.12304019927978516,-0.039565041661262512,0.0038684606552124023,0.12291509658098221,0.055359838953195774,0.45234408974647522,0.76396577755410167,1,1987
0,M3,3,late_product,5,0.86763965777554097,0.12322891958406597,1.6420542001724243,0.25170329213142395,0.99086862802505493,0.12322897024951396,0.022823577746748924,-0.0085556114745848344,0.021047068620123996,0.52584743499755859,0.029049515724182129,0.012491524219512939,0.19005466997623444,0.094614997483643687,0.39499062299728394,0.79919476597886263,1,1987
0,M3,5,late_product,7,0.85556114745848011,0.12831984045641115,2.3958234786987305,0.26517179608345032,0.98388093709945679,0.12831978964097668,0.037031222134828568,-0.020634121791645699,0.026137989492469177,1.2796167135238647,0.042518019676208496,0.0055038332939147949,0.27992847561836243,0.14041268243583291,0.31246441602706909,0.84448917966784098,1,1987
0,M3,8,late_product,10,0.84700553598389527,0.14579417158685015,3.3350875377655029,0.29712411761283875,0.9926377534866333,0.14563221750273803,0.016669297590851784,-0.029189733266230533,0.043612320622908179,2.2188807725906372,0.074470341205596924,0.014260649681091309,0.38031646609306335,0.19275289380976346,0.22343204915523529,0.89783593356819325,1,1987
0,M3,16,late_product,18,0.83140412682435838,0.16639154477520204,4.2764759063720703,0.33349514007568359,0.99682801961898804,0.16542389279462966,0.0076930043287575245,-0.044791142425767427,0.064209693811260071,3.1602691411972046,0.11084136366844177,0.018450915813446045,0.43452620506286621,0.21892299949672875,0.1896321177482605,0.92652239557121285,1,1987
0,M3,32,late_product,34,0.81932561650729741,0.17941056743121711,4.7427549362182617,0.35925218462944031,0.99818116426467896,0.17885554775738155,0.0046869181096553802,-0.056869652742828403,0.077228716467275138,3.626548171043396,0.13659840822219849,0.019804060459136963,0.47394606471061707,0.23754403623553094,0.17277640104293823,0.94665324609964774,1,1987
0,M3,64,late_product,66,0.79667840966280823,0.20179162150840396,5.1711063385009766,0.40373042225837708,0.9984700083732605,0.20179159871045227,0.0039276555180549622,-0.079516859587317579,0.09960977054446199,4.0548995733261108,0.18107664585113525,0.020092904567718506,0.521831214427948,0.2622043281328636,0.15901748836040497,0.97282335178661294,1,1987
0,M3,100,late_product,102,0.78007045797684949,0.21804604541733452,5.6884489059448242,0.43685996532440186,0.99811655282974243,0.21804609485289295,0.0041595231741666794,-0.096124811273276323,0.11586419445339255,4.5722421407699585,0.21420618891716003,0.019739449024200439,0.55696260929107666,0.27981882234524408,0.15163025259971619,0.99043784599899343,1,1987
0,M1,1,late_mean,3,0.87216909914443885,0.14224204850004857,0.50159209966659546,0.23323263227939606,0.74509429931640625,-0.1270747998280326,0.56971961259841919,0,0,0,0,0,0,0,0.46597808599472046,0.86763965777554097,1,1987
0,M1,2,late_mean,4,0.80271766482133866,0.11076753280183212,0.53793692588806152,0.25924971699714661,0.7745664119720459,-0.028151252849292763,0.54675751924514771,-0.069451434323100192,-0.031474515698216451,0.036344826221466064,0.026017084717750549,0.029472112655639648,0.11649452149868011,0.078007045797684957,0.34948354959487915,0.94464016104680426,1,1987
0,M1,3,late_mean,5,0.79013588324106698,0.14981824809063848,0.57046216726303101,0.28454625606536865,0.7958139181137085,0.0056780348726415131,0.51818966865539551,-0.08203321590337187,0.007576199590589916,0.068870067596435547,0.051313623785972595,0.050719618797302246,0.18639123439788818,0.091595369904378457,0.27958685159683228,0.95822848515349779,1,1987
0,M1,5,late_mean,7,0.78258681429290389,0.11283795318833895,0.62270998954772949,0.32235211133956909,0.82154858112335205,0.038961766830448163,0.47106015682220459,-0.089582284851534966,-0.029404095311709622,0.12111788988113403,0.089119479060173035,0.076454281806945801,0.26627320051193237,0.099647710115752394,0.19970488548278809,0.96678409662808251,1,1987
0,M1,8,late_mean,10,0.77554101660795172,0.14199601588503585,0.67953628301620483,0.35693341493606567,0.84155184030532837,0.066010823697376653,0.42395693063735962,-0.096628082536487137,-0.00024603261501271456,0.17794418334960938,0.12370078265666962,0.096457540988922119,0.32618466019630432,0.10619023653749371,0.13979342579841614,0.97382989431303468,1,1987
0,M1,16,late_mean,18,0.76950176144942128,0.17161583685970935,0.77208495140075684,0.39843302965164185,0.86279076337814331,0.093289001928722026,0.36117249727249146,-0.10266733769501757,0.029373788359660785,0.27049285173416138,0.16520039737224579,0.11769646406173706,0.38831505179405212,0.11373930548565676,0.077663011848926544,0.98137896326119778,1,1987
0,M1,32,late_mean,34,0.75993960744841471,0.18304258706465282,0.86714094877243042,0.42552584409713745,0.87561202049255371,0.115672413044139,0.31448796391487122,-0.11222949169602414,0.04080053856460425,0.36554884910583496,0.19229321181774139,0.13051772117614746,0.4248623251914978,0.12330145948666331,0.041115723550319672,0.99094111726220435,1,1987
0,M1,64,late_mean,66,0.75792652239557123,0.19290622689343606,0.95836347341537476,0.44114086031913757,0.88271838426589966,0.12479186187032842,0.28390133380889893,-0.11424257674886762,0.050664178393387493,0.4567713737487793,0.20790822803974152,0.13762408494949341,0.44479724764823914,0.1253145445395068,0.021180829033255577,0.99295420231504783,1,1987
0,M1,100,late_mean,102,0.75490689481630602,0.19395262917862749,1.0132079124450684,0.44714885950088501,0.88540202379226685,0.13049512897596083,0.27086129784584045,-0.11726220432813284,0.051710580678578921,0.5116158127784729,0.21391622722148895,0.1403077244758606,0.45227277278900146,0.12833417211877202,0.013705307617783546,0.99597382989431305,1,1987
0,M2,1,late_mean,3,0.87216909914443885,0.14224204850004857,0.50159209966659546,0.23323263227939606,0.74509429931640625,-0.1270747998280326,0.56971961259841919,0,0,0,0,0,0,0,0.5343441367149353,0.74584801207851037,1,1987
0,M2,2,late_mean,4,0.78862606945143432,0.076556016556509926,0.5237087607383728,0.2588023841381073,0.7580491304397583,-0.030576939011676019,0.55172246694564819,-0.083543029693004534,-0.065686031943538642,0.022116661071777344,0.025569751858711243,0.012954831123352051,0.13358603417873383,0.16305988928032208,0.4007580578327179,0.90790135883241063,1,1987
0,M2,3,late_mean,5,0.73980875691997983,0.13443073418851947,0.55423140525817871,0.2870476245880127,0.78717315196990967,0.047364395049929842,0.52255481481552124,-0.13236034222445903,-0.0078113143115290939,0.052639305591583252,0.053814992308616638,0.042078852653503418,0.21373765170574188,0.24106693507800706,0.32060649991035461,0.98590840463009566,1,1987
0,M2,5,late_mean,7,0.73729240060392554,0.1067489197221784,0.61100345849990845,0.33117792010307312,0.82380169630050659,0.086509295696581057,0.47125005722045898,-0.13487669854051332,-0.03549312877787017,0.10941135883331299,0.097945287823677063,0.078707396984100342,0.305339515209198,0.24660291897332662,0.2290046215057373,0.9924509310518369,1,1987
0,M2,8,late_mean,10,0.73477604428787113,0.13386572109255049,0.67873388528823853,0.37257066369056702,0.85159629583358765,0.11682025154571651,0.41812506318092346,-0.13739305485656772,-0.0083763274074980798,0.17714178562164307,0.13933803141117096,0.1065019965171814,0.37404090166091919,0.24911927528938096,0.16030323505401611,0.99496728736789131,1,1987
0,M2,16,late_mean,18,0.7312531454453951,0.15826555146124713,0.79782485961914062,0.42300638556480408,0.88073557615280151,0.14948243070740641,0.34553885459899902,-0.14091595369904375,0.01602350296119856,0.29623275995254517,0.18977375328540802,0.13564127683639526,0.44528675079345703,0.25264217413185708,0.089057326316833496,0.99849018621036734,1,1987
0,M2,32,late_mean,34,0.73024660291897336,0.1887086481530881,0.92950081825256348,0.45624631643295288,0.89793801307678223,0.16769141015780886,0.29048913717269897,-0.14192249622546549,0.046466599653039536,0.42790871858596802,0.22301368415355682,0.15284371376037598,0.48719614744186401,0.25364871665827882,0.047148004174232483,0.99949672873678908,1,1987
0,M2,64,late_mean,66,0.72974333165576244,0.20285178085758149,1.06480872631073,0.47549235820770264,0.90733295679092407,0.17758962513516163,0.2539161741733551,-0.14242576748867641,0.060609732357532919,0.56321662664413452,0.24225972592830658,0.16223865747451782,0.51005566120147705,0.25415198792148969,0.024288445711135864,1,1,1987
0,M2,100,late_mean,102,0.72974333165576244,0.20748497324489026,1.1509814262390137,0.4829125702381134,0.91085797548294067,0.18111464382717823,0.23818086087703705,-0.14242576748867641,0.065242924744841696,0.64938932657241821,0.24967993795871735,0.16576367616653442,0.51862823963165283,0.25415198792148969,0.015716010704636574,1,1,1987
0,M3,1,late_mean,3,0.87216909914443885,0.14224204850004857,0.50159209966659546,0.23323263227939606,0.74509429931640625,-0.1270747998280326,0.56971961259841919,0,0,0,0,0,0,0,0.56881719827651978,0.70457976849521897,1,1987
0,M3,2,late_mean,4,0.84801207851031701,0.10287479799058968,0.48528441786766052,0.21948228776454926,0.76201415061950684,-0.085997927890810177,0.5546758770942688,-0.02415702063412184,-0.039367250509458884,-0.016307681798934937,-0.013750344514846802,0.016919851303100586,0.14220429956912994,0.19728233517866131,0.42661288380622864,0.9018621036738802,1,1987
0,M3,3,late_mean,5,0.83190739808756919,0.087188654844042146,0.49006620049476624,0.22496551275253296,0.78891605138778687,-0.042991346699782329,0.52616077661514282,-0.040261701056869659,-0.055053393656006422,-0.011525899171829224,-0.0082671195268630981,0.043821752071380615,0.22752688825130463,0.22546552591847005,0.34129032492637634,0.93004529441368899,1,1987
0,M3,5,late_mean,7,0.81882234524408659,0.10404280174540467,0.51132965087890625,0.2438444197177887,0.82309365272521973,0.0042713074811331353,0.47464662790298462,-0.053346753900352262,-0.038199246754643895,0.009737551212310791,0.010611787438392639,0.077999353408813477,0.32503840327262878,0.24559637644690488,0.24377879500389099,0.95017614494212377,1,1987
0,M3,8,late_mean,10,0.79768495218922997,0.099555026557977072,0.54356580972671509,0.26683226227760315,0.85087382793426514,0.053188875745035169,0.42070424556732178,-0.074484146955208885,-0.042687021942071496,0.041973710060119629,0.033599629998207092,0.10577952861785889,0.3981720507144928,0.26874685455460495,0.17064516246318817,0.97332662304982387,1,1987
0,M3,16,late_mean,18,0.77805737292400601,0.12393655854070611,0.60587692260742188,0.29866445064544678,0.88232004642486572,0.10426267350085971,0.34666174650192261,-0.094111726220432845,-0.018305489959342461,0.10428482294082642,0.06543181836605072,0.13722574710845947,0.47401434183120728,0.28988424760946152,0.094802863895893097,0.99446401610468038,1,1987
0,M3,32,late_mean,34,0.77453447408152998,0.12691447888718937,0.67658466100692749,0.32119095325469971,0.90144890546798706,0.12691443138645708,0.29045933485031128,-0.097634625062908875,-0.015327569612859193,0.17499256134033203,0.08795832097530365,0.15635460615158081,0.51862740516662598,0.29441368897835934,0.050189770758152008,0.99899345747357826,1,1987
0,M3,64,late_mean,66,0.77453447408152998,0.13741578358948744,0.74842655658721924,0.33466506004333496,0.91195023059844971,0.13741575651691973,0.25316429138183594,-0.097634625062908875,-0.0048262649105611233,0.24683445692062378,0.1014324277639389,0.16685593128204346,0.54296189546585083,0.29491696024157021,0.025855358690023422,0.99949672873678908,1,1987
0,M3,100,late_mean,102,0.77453447408152998,0.141358512622001,0.79325181245803833,0.339933842420578,0.91589301824569702,0.14135854416416704,0.2371402233839035,-0.097634625062908875,-0.00088353587804756994,0.29165971279144287,0.10670121014118195,0.17079871892929077,0.55208736658096313,0.29491696024157021,0.016729991883039474,0.99949672873678908,1,1987
0,M1,1,cpsa,3,0.87820835430296929,0.10837595490996539,0.46438229084014893,0.21768373250961304,0.79457235336303711,-0.083636000939932176,0.5036197304725647,0,0,0,0,0,0,0,0.43109509348869324,0.85707096124811277,1,1987
0,M1,2,cpsa,4,0.79466532460996475,0.091949641299595694,0.55363130569458008,0.28037232160568237,0.82660341262817383,0.031938088018209077,0.45447459816932678,-0.083543029693004534,-0.016426313610369697,0.089249014854431152,0.062688589096069336,0.032031059265136719,0.16467449069023132,0.091595369904378457,0.26670566201210022,0.94765978862606948,1,1987
0,M1,3,cpsa,5,0.78661298439859084,0.092198242853800128,0.63527786731719971,0.32847091555595398,0.85027682781219482,0.063663843413603982,0.40916472673416138,-0.091595369904378443,-0.016177712056165264,0.17089557647705078,0.11078718304634094,0.055704474449157715,0.24935770034790039,0.10266733769501761,0.18210780620574951,0.95923502767991953,1,1987
0,M1,5,cpsa,7,0.77906391545042775,0.16406416167070592,0.75181341171264648,0.38062947988510132,0.86939716339111328,0.090333247940685535,0.35393407940864563,-0.099144438852541539,0.05568820676074053,0.28743112087249756,0.16294574737548828,0.074824810028076172,0.32667982578277588,0.11222949169602416,0.10480763018131256,0.96930045294413691,1,1987
0,M1,8,cpsa,10,0.77151484650226476,0.18293736553336126,0.85552722215652466,0.41266432404518127,0.87899583578109741,0.10748098927883265,0.31511065363883972,-0.10669350780070452,0.074561410623395871,0.39114493131637573,0.19498059153556824,0.084423482418060303,0.37022820115089417,0.1217916456970307,0.061209447681903839,0.97886260694514349,1,1987
0,M1,16,cpsa,18,0.76346250629089074,0.19475186009111872,0.98694700002670288,0.4378141462802887,0.8855399489402771,0.12207744264938636,0.27976387739181519,-0.11474584801207854,0.086375905181153331,0.52256470918655396,0.22013041377067566,0.09096759557723999,0.4034791886806488,0.13034725717161549,0.027843354269862175,0.98741821841972821,1,1987
0,M1,32,cpsa,34,0.75842979365878205,0.19793196173246985,1.0917512178421021,0.44884762167930603,0.88817828893661499,0.12974849527783294,0.26146987080574036,-0.11977856064418724,0.089556006822504461,0.62736892700195312,0.23116388916969299,0.093605935573577881,0.41814905405044556,0.13537996980372421,0.013075769878923893,0.9924509310518369,1,1987
0,M1,64,cpsa,66,0.75641670860593857,0.19920814983737967,1.1751099824905396,0.45382288098335266,0.88932085037231445,0.13290414176637588,0.25203025341033936,-0.12179164569703071,0.090832194927414275,0.71072769165039062,0.23613914847373962,0.094748497009277344,0.42485499382019043,0.13739305485656769,0.0063074068166315556,0.99446401610468038,1,1987
0,M1,100,cpsa,102,0.75339708102667335,0.1978437475331416,1.2196664810180664,0.45551353693008423,0.88970905542373657,0.13631197439706322,0.24849887192249298,-0.12481127327629593,0.089467792623176209,0.75528419017791748,0.23782980442047119,0.095136702060699463,0.42715677618980408,0.14041268243583291,0.0039816908538341522,0.9974836436839456,1,1987
0,M2,1,cpsa,3,0.87820835430296929,0.10837595490996539,0.46438229084014893,0.21768373250961304,0.79457235336303711,-0.083636000939932176,0.5036197304725647,0,0,0,0,0,0,0,0.54443693161010742,0.72722697533970815,1,1987
0,M2,2,cpsa,4,0.81227981882234523,0.082245318836822651,0.51949608325958252,0.26015007495880127,0.80858784914016724,-0.0036919696821779979,0.48108598589897156,-0.065928535480624051,-0.026130636073142741,0.055113792419433594,0.042466342449188232,0.014015495777130127,0.20529788732528687,0.15450427780573731,0.33945614099502563,0.88173125314544543,1,1987
0,M2,3,cpsa,5,0.77101157523905384,0.13823254258715456,0.60875034332275391,0.3189031183719635,0.83567136526107788,0.064659790022024044,0.43051984906196594,-0.10719677906391545,0.02985658767718917,0.14436805248260498,0.10121938586235046,0.041099011898040771,0.32013773918151855,0.23049823855057877,0.22448326647281647,0.95772521389028686,1,1987
0,M2,5,cpsa,7,0.73427277302466032,0.14106661994732017,0.75970983505249023,0.39268550276756287,0.87415862083435059,0.13988584780969027,0.35591322183609009,-0.14393558127830897,0.03269066503735478,0.29532754421234131,0.17500177025794983,0.079586267471313477,0.42392265796661377,0.26824358329139408,0.12065710127353668,0.99547055863110212,1,1987
0,M2,8,cpsa,10,0.73175641670860592,0.17180244715356566,0.90547764301300049,0.43821942806243896,0.89462423324584961,0.16286781653724369,0.30144235491752625,-0.14645193759436337,0.063426492243600266,0.44109535217285156,0.22053569555282593,0.1000518798828125,0.47809258103370667,0.27075993960744843,0.06644400954246521,0.99798691494715652,1,1987
0,M2,16,cpsa,18,0.73024660291897336,0.1931756464872279,1.1020731925964355,0.47197845578193665,0.90811580419540405,0.17786920127643069,0.25274410843849182,-0.14796175138399592,0.084799691577262512,0.63769090175628662,0.25429472327232361,0.11354345083236694,0.51598584651947021,0.27226975339708104,0.028501234948635101,0.99949672873678908,1,1987
0,M2,32,cpsa,34,0.72974333165576244,0.20867542462788102,1.2675811052322388,0.48572638630867004,0.91327804327011108,0.18353471161434864,0.22827848792076111,-0.14846502264720685,0.10029946971791563,0.80319881439208984,0.26804265379905701,0.11870568990707397,0.5315014123916626,0.27277302466029191,0.012960024178028107,1,1,1987
0,M2,64,cpsa,66,0.72974333165576244,0.21218419866941052,1.408598780632019,0.49162140488624573,0.91543936729431152,0.18569603563854908,0.21588048338890076,-0.14846502264720685,0.10380824375944513,0.94421648979187012,0.27393767237663269,0.12086701393127441,0.53830325603485107,0.27277302466029191,0.0061459080316126347,1,1,1987
0,M2,100,cpsa,102,0.72974333165576244,0.21386390471494432,1.489294171333313,0.49357056617736816,0.91614848375320435,0.18640515209744191,0.21128262579441071,-0.14846502264720685,0.10548794980497893,1.0249118804931641,0.27588683366775513,0.12157613039016724,0.54058903455734253,0.27277302466029191,0.0038557033985853195,1,1,1987
0,M3,1,cpsa,3,0.87820835430296929,0.10837595490996539,0.46438229084014893,0.21768373250961304,0.79457235336303711,-0.083636000939932176,0.5036197304725647,0,0,0,0,0,0,0,0.56728094816207886,0.72622043281328641,1,1987
0,M3,2,cpsa,4,0.83341721187720186,0.086662045497659115,0.44700956344604492,0.20672453939914703,0.80935651063919067,-0.024060701238011184,0.4788622260093689,-0.044791142425767427,-0.021713909412306276,-0.017372727394104004,-0.010959193110466003,0.014784157276153564,0.20092706382274628,0.11071967790639155,0.36648979783058167,0.83543029693004534,1,1987
0,M3,3,cpsa,5,0.83744338198288881,0.086319222123885667,0.4778296947479248,0.22977252304553986,0.83496922254562378,-0.0024741594372650333,0.43362316489219666,-0.040764972320080473,-0.022056732786079725,0.013447403907775879,0.012088790535926819,0.04039686918258667,0.31607788801193237,0.19224962254655259,0.25136083364486694,0.91847005535983894,1,1987
0,M3,5,cpsa,7,0.79214896829391046,0.098816031118583933,0.5479850172996521,0.27046319842338562,0.87140655517578125,0.07925758688187079,0.36364465951919556,-0.086059386009058825,-0.0095599237913814583,0.083602726459503174,0.052779465913772583,0.076834201812744141,0.42613175511360168,0.24962254655259183,0.14132170379161835,0.97584297936587816,1,1987
0,M3,8,cpsa,10,0.78007045797684949,0.11393650104847157,0.6245083212852478,0.30167296528816223,0.89400702714920044,0.11393656917235095,0.30844733119010925,-0.0981378963261198,0.0055605461385061783,0.16012603044509888,0.083989232778549194,0.09943467378616333,0.48743116855621338,0.26472068444891794,0.080005362629890442,0.99094111726220435,1,1987
0,M3,16,cpsa,18,0.77755410166079519,0.13312447473039321,0.73098510503768921,0.32806104421615601,0.91067856550216675,0.13312446384137155,0.25641041994094849,-0.10065425264217409,0.02474851982042782,0.26660281419754028,0.11037731170654297,0.11610621213912964,0.53236567974090576,0.26975339708102669,0.035019181668758392,0.99597382989431305,1,1987
0,M3,32,cpsa,34,0.77604428787116253,0.14145863492643646,0.8202061653137207,0.33984830975532532,0.91750288009643555,0.14145859222527302,0.22949080169200897,-0.10216406643180675,0.033082680016471064,0.35582387447357178,0.12216457724571228,0.12293052673339844,0.55129295587539673,0.2712632108706593,0.016046708449721336,0.9974836436839456,1,1987
0,M3,64,cpsa,66,0.77453447408152998,0.1459525508471452,0.89338701963424683,0.34512406587600708,0.92048698663711548,0.1459525125555855,0.21574237942695618,-0.10367388022143931,0.03757659593717981,0.4290047287940979,0.12744033336639404,0.12591463327407837,0.55967628955841064,0.27327629592350278,0.0076354276388883591,0.99949672873678908,1,1987
0,M3,100,cpsa,102,0.77453447408152998,0.14694245460348987,0.93357300758361816,0.34690356254577637,0.92147696018218994,0.14694248610065996,0.21063551306724548,-0.10367388022143931,0.038566499693524478,0.46919071674346924,0.12921983003616333,0.12690460681915283,0.56250542402267456,0.27327629592350278,0.0047955997288227081,0.99949672873678908,1,1987
1,M1,1,late_product,3,0.89682939104177151,0.073819221175970867,1.0164449214935303,0.17675670981407166,0.96924275159835815,0.072413360556586648,0.06339968740940094,0,0,0,0,0,0,0,0.43960744142532349,0.80926019124308002,1,1987
1,M1,2,late_product,4,0.86361348766985402,0.12393416018118854,1.7896249294281006,0.25899699330329895,0.98350322246551514,0.11988973479566112,0.041152410209178925,-0.033215903371917488,0.050114939005217671,0.77318000793457031,0.082240283489227295,0.014260470867156982,0.11482394486665726,0.058379466532460997,0.34625580906867981,0.85908404630095625,1,1987
1,M1,3,late_product,5,0.85304479114242582,0.14001286059812976,2.337249755859375,0.28913024067878723,0.98629570007324219,0.13325090893081637,0.031468737870454788,-0.043784599899345689,0.06619363942215889,1.3208048343658447,0.11237353086471558,0.017052948474884033,0.15728011727333069,0.078007045797684957,0.31635364890098572,0.87468545546049326,1,1987
1,M1,5,late_product,7,0.83794665324609963,0.1575848253815991,3.3457207679748535,0.31959831714630127,0.98832303285598755,0.15037637960988792,0.024375885725021362,-0.05888273779567188,0.08376560420562823,2.3292758464813232,0.14284160733222961,0.019080281257629395,0.19295106828212738,0.096124811273276295,0.28938362002372742,0.89280322093608455,1,1987
1,M1,8,late_product,10,0.80976346250629094,0.17956945844553315,4.2207150459289551,0.36380684375762939,0.98933297395706177,0.17956951145077082,0.022548511624336243,-0.087065928535480563,0.10575023726956229,3.2042701244354248,0.18705013394355774,0.020090222358703613,0.22917279601097107,0.11927528938097634,0.2561672031879425,0.92098641167589335,1,1987
1,M1,16,late_product,18,0.78208354302969296,0.21315363117001074,5.0376529693603516,0.42436081171035767,0.99473553895950317,0.21265199592981021,0.012999599799513817,-0.11474584801207854,0.13933440999403987,4.0212080478668213,0.24760410189628601,0.02549278736114502,0.27963677048683167,0.14443885254151989,0.23212480545043945,0.95067941620533469,1,1987
1,M1,32,late_product,34,0.76849521892299955,0.22883796760888325,5.636021614074707,0.45830351114273071,0.99716764688491821,0.22867242796191867,0.0075247636996209621,-0.12833417211877196,0.15501874643291239,4.6195766925811768,0.28154680132865906,0.027924895286560059,0.30991202592849731,0.15752390538500252,0.22552226483821869,0.96577755410166077,1,1987
1,M1,64,late_product,66,0.75289380976346254,0.24581864177730733,6.229978084564209,0.49158710241317749,0.99871248006820679,0.24581867030474425,0.0029864364769309759,-0.14393558127830897,0.17199942060133647,5.2135331630706787,0.31483039259910583,0.029469728469848633,0.34399375319480896,0.17463512833417211,0.22064761817455292,0.98389531957725218,1,1987
1,M1,100,late_product,102,0.74836436839456466,0.2513215735622189,6.6293115615844727,0.50227296352386475,0.99939566850662231,0.25103130011205765,0.0017919791862368584,-0.14846502264720685,0.17750235238624804,5.6128666400909424,0.32551625370979309,0.03015291690826416,0.35402929782867432,0.17916456970306996,0.22062528133392334,0.98842476094614995,1,1987
1,M2,1,late_product,3,0.89682939104177151,0.073819221175970867,1.0164449214935303,0.17675670981407166,0.96924275159835815,0.072413360556586648,0.06339968740940094,0,0,0,0,0,0,0,0.63979828357696533,0.68142929038751887,1,1987
1,M2,2,late_product,4,0.83241066935078012,0.16176303634705949,1.721835732460022,0.32356157898902893,0.98882460594177246,0.15641393659099234,0.029122792184352875,-0.064418721690991387,0.087943815171088624,0.7053908109664917,0.14680486917495728,0.019581854343414307,0.21098528802394867,0.11172622043281329,0.47818002104759216,0.77705083039758427,1,1987
1,M2,3,late_product,5,0.79667840966280823,0.19522423823994489,2.9945356845855713,0.39550352096557617,0.99190264940261841,0.19522423973981018,0.019837683066725731,-0.10015098137896328,0.12140501706397402,1.978090763092041,0.21874681115150452,0.022659897804260254,0.29427343606948853,0.15198792148968293,0.40727031230926514,0.81328636134876697,1,1987
1,M2,5,late_product,7,0.74685455460493211,0.24331235702636556,5.1061749458312988,0.49009141325950623,0.99016690254211426,0.24331234793718215,0.023435894399881363,-0.1499748364368394,0.16949313585039469,4.0897300243377686,0.31333470344543457,0.020924150943756104,0.41078609228134155,0.20684448917966783,0.30047443509101868,0.86965274282838445,1,1987
1,M2,8,late_product,10,0.74383492702566678,0.25488292732968304,6.6411910057067871,0.50882244110107422,0.99839186668395996,0.25455693965829318,0.0048339180648326874,-0.15299446401610473,0.18106370615371217,5.6247460842132568,0.33206573128700256,0.029149115085601807,0.46751397848129272,0.23855057876195268,0.2531297504901886,0.90236537493709112,1,1987
1,M2,16,late_product,18,0.70558631102164071,0.29196199485268132,7.1770906448364258,0.58389776945114136,0.99754828214645386,0.29196197112481315,0.0076548061333596706,-0.1912430800201308,0.21814277367671045,6.1606457233428955,0.4071410596370697,0.028305530548095703,0.58190089464187622,0.29743331655762456,0.16045401990413666,0.97433316557624561,1,1987
1,M2,32,late_product,34,0.69350780070457974,0.30531908971434207,8.2185802459716797,0.61107856035232544,0.99833071231842041,0.30482291161384067,0.0035276771523058414,-0.20332159033719177,0.23149986853837121,7.2021353244781494,0.43432185053825378,0.029087960720062256,0.61230933666229248,0.3125314544539507,0.14906440675258636,0.99094111726220435,1,1987
1,M2,64,late_product,66,0.69149471565173626,0.30822148998598392,8.4768409729003906,0.61649268865585327,0.99950611591339111,0.30801140026165486,0.0010819897288456559,-0.20533467539003525,0.23440226881001305,7.4603960514068604,0.43973597884178162,0.030263364315032959,0.61865049600601196,0.31504781077000504,0.14925132691860199,0.99496728736789131,1,1987
1,M2,100,late_product,102,0.69048817312531452,0.30942099095590764,8.5222644805908203,0.61883777379989624,0.99990922212600708,0.30942104900069256,0.00032284841290675104,-0.20634121791645699,0.23560176977993677,7.50581955909729,0.44208106398582458,0.030666470527648926,0.62047463655471802,0.31605435329642678,0.14972972869873047,0.99647710115752386,1,1987
1,M3,1,late_product,3,0.89682939104177151,0.073819221175970867,1.0164449214935303,0.17675670981407166,0.96924275159835815,0.072413360556586648,0.06339968740940094,0,0,0,0,0,0,0,0.54124933481216431,0.72974333165576244,1,1987
1,M3,2,late_product,4,0.9043784599899346,0.086302639733743122,1.3478913307189941,0.18364401161670685,0.98566579818725586,0.081287338197321257,0.034241307526826859,0.0075490689481630957,0.012483418557772255,0.33144640922546387,0.0068873018026351929,0.016423046588897705,0.093136899173259735,0.033719174635128336,0.4664517343044281,0.75641670860593857,1,1987
1,M3,3,late_product,5,0.86512330145948668,0.12792923526063185,1.8510526418685913,0.25696000456809998,0.99305254220962524,0.12792924075013856,0.017939679324626923,-0.031706089582284824,0.054110014084660985,0.83460772037506104,0.08020329475402832,0.02380979061126709,0.16537746787071228,0.077503774534474087,0.39918521046638489,0.79969803724207345,1,1987
1,M3,5,late_product,7,0.85153497735279315,0.14109056717076374,2.6738741397857666,0.28871482610702515,0.99262553453445435,0.14109055718166119,0.017294436693191528,-0.045294413688978352,0.067271345994792869,1.6574292182922363,0.11195811629295349,0.023382782936096191,0.2104756087064743,0.098641167589330656,0.35956496000289917,0.82184197282335181,1,1987
1,M3,8,late_product,10,0.8243583291394061,0.1716423329991435,3.4666576385498047,0.34404987096786499,0.99495142698287964,0.17059309784347354,0.012835425324738026,-0.072471061902365408,0.097823111823172632,2.4502127170562744,0.16729316115379333,0.025708675384521484,0.27035808563232422,0.12883744338198289,0.3078988790512085,0.85254151987921489,1,1987
1,M3,16,late_product,18,0.80020130850528437,0.19393526667857444,4.5096583366394043,0.39137062430381775,0.99413657188415527,0.1939352633788709,0.014009715057909489,-0.096628082536487137,0.12011604550260357,3.493213415145874,0.21461391448974609,0.024893820285797119,0.36666858196258545,0.17866129843985909,0.23467820882797241,0.90387518872672368,1,1987
1,M3,32,late_product,34,0.76698540513336688,0.23106746977756654,5.6497063636779785,0.46202832460403442,0.99749457836151123,0.23050917322814435,0.0060232551768422127,-0.12984398590840462,0.15724824860159567,4.6332614421844482,0.28527161478996277,0.028251826763153076,0.4967610239982605,0.2435832913940614,0.17276300489902496,0.97030699547055865,1,1987
1,M3,64,late_product,66,0.76094614997483645,0.23873956115268619,6.4471473693847656,0.47758254408836365,0.99968564510345459,0.23873949512861814,0.00097320281201973557,-0.13588324106693506,0.16492033997671532,5.4307024478912354,0.30082583427429199,0.030442893505096436,0.52522557973861694,0.25817815802717664,0.16849741339683533,0.98490186210367392,1,1987
1,M3,100,late_product,102,0.75943633618520379,0.23997773119835739,6.5394058227539062,0.47950005531311035,0.99941402673721313,0.23997769055200935,0.0015130317769944668,-0.13739305485656772,0.16615851002238652,5.522960901260376,0.3027433454990387,0.03017127513885498,0.53111296892166138,0.26119778560644186,0.16685584187507629,0.98943130347257169,1,1987
1,M1,1,late_mean,3,0.87770508303975847,0.14886941440932167,0.49315124750137329,0.24964316189289093,0.7310187816619873,-0.14668630137777117,0.59142899513244629,0,0,0,0,0,0,0,0.48413720726966858,0.84247609461499751,1,1987
1,M1,2,late_mean,4,0.79667840966280823,0.10354137273667502,0.52121233940124512,0.2691606879234314,0.76298987865447998,-0.033688531008328249,0.56794995069503784,-0.081026673376950242,-0.045328041672646646,0.028061091899871826,0.019517526030540466,0.031971096992492676,0.12103430181741714,0.096124811273276295,0.36310291290283203,0.93759436336185209,1,1987
1,M1,3,late_mean,5,0.77554101660795172,0.10928657709442316,0.54963666200637817,0.2910601794719696,0.78586572408676147,0.010324707478809758,0.53840208053588867,-0.10216406643180675,-0.039582837314898506,0.056485414505004883,0.041417017579078674,0.05484694242477417,0.19365487992763519,0.11675893306492199,0.29048231244087219,0.9587317564167086,1,1987
1,M1,5,late_mean,7,0.762455963764469,0.095856161035361084,0.59768068790435791,0.32544544339179993,0.81388533115386963,0.051429367389400626,0.48947745561599731,-0.11524911927528947,-0.053013253373960581,0.10452944040298462,0.075802281498908997,0.082866549491882324,0.2766498327255249,0.12934071464519376,0.20748737454414368,0.97181680926019121,1,1987
1,M1,8,late_mean,10,0.75490689481630602,0.12380186990690878,0.65159964561462402,0.3577844500541687,0.83589154481887817,0.080984650002572156,0.44046568870544434,-0.12279818822345245,-0.025067544502412886,0.15844839811325073,0.10814128816127777,0.10487276315689087,0.33889603614807129,0.13940613990941117,0.1452411562204361,0.9818822345244087,1,1987
1,M1,16,late_mean,18,0.74786109713135385,0.14166805716573624,0.74129945039749146,0.39725139737129211,0.85943448543548584,0.11157338830413199,0.37501412630081177,-0.12984398590840462,-0.0072013572435854212,0.24814820289611816,0.14760823547840118,0.12841570377349854,0.40344768762588501,0.14645193759436337,0.080689534544944763,0.98892803220936087,1,1987
1,M1,32,late_mean,34,0.74484146955208863,0.15860163849025255,0.83462923765182495,0.42328765988349915,0.87349474430084229,0.12865327474875365,0.3262641429901123,-0.13286361348766984,0.0097322240809308846,0.34147799015045166,0.17364449799060822,0.14247596263885498,0.44141918420791626,0.14947156517362858,0.042718004435300827,0.99194765978862609,1,1987
1,M1,64,late_mean,66,0.7418218419728233,0.16560425133517953,0.92444431781768799,0.43836984038352966,0.88123917579650879,0.13941733382368549,0.29428437352180481,-0.13588324106693517,0.016734836925857866,0.4312930703163147,0.18872667849063873,0.15022039413452148,0.46213096380233765,0.1524911927528938,0.022006256505846977,0.99496728736789131,1,1987
1,M1,100,late_mean,102,0.73930548565676901,0.16794511666835468,0.97820985317230225,0.44418597221374512,0.88417500257492065,0.14486951691815164,0.28064039349555969,-0.13839959738298946,0.019075702259033017,0.48505860567092896,0.19454281032085419,0.15315622091293335,0.46989783644676208,0.15500754906894817,0.014239371754229069,0.9974836436839456,1,1987
1,M2,1,late_mean,3,0.87770508303975847,0.14886941440932167,0.49315124750137329,0.24964316189289093,0.7310187816619873,-0.14668630137777117,0.59142899513244629,0,0,0,0,0,0,0,0.57813715934753418,0.70709612481127326,1,1987
1,M2,2,late_mean,4,0.75993960744841471,0.087458207655864914,0.51790034770965576,0.27689775824546814,0.74467176198959351,-0.015267845458821205,0.57104164361953735,-0.11776547559134376,-0.061411206753456751,0.024749100208282471,0.027254596352577209,0.013652980327606201,0.14453428983688354,0.21187720181177655,0.43360286951065063,0.91847005535983894,1,1987
1,M2,3,late_mean,5,0.70005032712632109,0.16957351740845256,0.55107146501541138,0.30752533674240112,0.77765655517578125,0.077606228049460158,0.53887712955474854,-0.17765475591343738,0.020704102999130891,0.057920217514038086,0.057882174849510193,0.046637773513793945,0.23125486075878143,0.27679919476597886,0.34688228368759155,0.98288877705083044,1,1987
1,M2,5,late_mean,7,0.692501258178158,0.16929003344328486,0.61219847202301025,0.3556378185749054,0.81914472579956055,0.12664346762140255,0.48264831304550171,-0.18520382486160047,0.020420619033963194,0.11904722452163696,0.10599465668201447,0.088125944137573242,0.33036410808563232,0.28585807750377451,0.24777308106422424,0.99194765978862609,1,1987
1,M2,8,late_mean,10,0.69149471565173626,0.19297718380825807,0.68453711271286011,0.40089881420135498,0.8507537841796875,0.15925906852795124,0.42465478181838989,-0.18621036738802221,0.044107769398936403,0.19138586521148682,0.15125565230846405,0.1197350025177002,0.4046960175037384,0.28938097634625065,0.17344114184379578,0.99597382989431305,1,1987
1,M2,16,late_mean,18,0.68998490186210371,0.20623144915371489,0.81052857637405396,0.45614418387413025,0.88374209403991699,0.19375719217781329,0.34570625424385071,-0.18772018117765477,0.05736203474439322,0.31737732887268066,0.20650102198123932,0.15272331237792969,0.48178097605705261,0.29089079013588326,0.096356205642223358,0.9974836436839456,1,1987
1,M2,32,late_mean,34,0.68948163059889278,0.21520360831825591,0.94848215579986572,0.49259299039840698,0.90320366621017456,0.21372203561128178,0.28606733679771423,-0.18822345244086569,0.066334193908934247,0.45533090829849243,0.24294982850551605,0.17218488454818726,0.52712506055831909,0.29089079013588326,0.051012109965085983,0.99798691494715652,1,1987
1,M2,64,late_mean,66,0.68847508807247104,0.22769881271212083,1.0892879962921143,0.51370787620544434,0.91383171081542969,0.22535662274295865,0.24659022688865662,-0.18922999496728743,0.07882939830279917,0.59613674879074097,0.26406471431255341,0.18281292915344238,0.55185818672180176,0.29240060392551587,0.02627900056540966,0.99949672873678908,1,1987
1,M2,100,late_mean,102,0.68797181680926023,0.22985831432505713,1.1785671710968018,0.52185040712356567,0.91783016920089722,0.22985835239163699,0.2296549528837204,-0.18973326623049824,0.080988899915735463,0.68541592359542847,0.27220724523067474,0.18681138753890991,0.56113308668136597,0.29290387518872674,0.017004135996103287,1,1,1987
1,M3,1,late_mean,3,0.87770508303975847,0.14886941440932167,0.49315124750137329,0.24964316189289093,0.7310187816619873,-0.14668630137777117,0.59142899513244629,0,0,0,0,0,0,0,0.58109396696090698,0.70206341217916457,1,1987
1,M3,2,late_mean,4,0.81529944640161045,0.12750382996649373,0.4853542149066925,0.24285028874874115,0.74836868047714233,-0.066930765924468116,0.57655346393585205,-0.062405636638148021,-0.021365584442827934,-0.0077970325946807861,-0.0067928731441497803,0.017349898815155029,0.14527350664138794,0.18319073980875691,0.43582049012184143,0.88525415198792146,1,1987
1,M3,3,late_mean,5,0.80422747861097132,0.1015297143256538,0.49623215198516846,0.2526908814907074,0.77404433488845825,-0.030183143722513073,0.54776579141616821,-0.073477604428787147,-0.047339700083667863,0.003080904483795166,0.0030477195978164673,0.043025553226470947,0.23243759572505951,0.22194262707599396,0.34865638613700867,0.92400603925515856,1,1987
1,M3,5,late_mean,7,0.76547559134373422,0.144478240742657,0.52612495422363281,0.27671754360198975,0.81174683570861816,0.046271244364883946,0.49556887149810791,-0.11222949169602425,-0.0043911736666646661,0.032973706722259521,0.027074381709098816,0.080728054046630859,0.33205369114875793,0.27478610971313538,0.24904030561447144,0.97634625062908909,1,1987
1,M3,8,late_mean,10,0.762455963764469,0.12593772318954735,0.56672900915145874,0.30368372797966003,0.84258157014846802,0.080125606383999015,0.44081762433052063,-0.11524911927528947,-0.022931691219774314,0.073577761650085449,0.054040566086769104,0.11156278848648071,0.40676575899124146,0.28283844992450929,0.17432819306850433,0.98490186210367392,1,1987
1,M3,16,late_mean,18,0.75842979365878205,0.13557434055033676,0.6406741738319397,0.33974802494049072,0.87515938282012939,0.11672958916134735,0.3656010627746582,-0.11927528938097642,-0.013295073858984902,0.14752292633056641,0.090104863047599792,0.14414060115814209,0.48424497246742249,0.29139406139909413,0.0968489870429039,0.99345747357825864,1,1987
1,M3,32,late_mean,34,0.75842979365878205,0.1369508083705393,0.72039765119552612,0.36481460928916931,0.89460915327072144,0.13617935961193939,0.3084874153137207,-0.11927528938097642,-0.011918606038782364,0.22724640369415283,0.11517144739627838,0.16359037160873413,0.52982097864151001,0.29592350276799195,0.051272988319396973,0.99798691494715652,1,1987
1,M3,64,late_mean,66,0.75842979365878205,0.1479789099173745,0.79748809337615967,0.37968999147415161,0.90529298782348633,0.14686319416470428,0.27058243751525879,-0.11927528938097642,-0.00089050449194716386,0.30433684587478638,0.13004682958126068,0.17427420616149902,0.55468064546585083,0.29743331655762456,0.026413384824991226,0.99949672873678908,1,1987
1,M3,100,late_mean,102,0.75842979365878205,0.15240071990649548,0.84358894824981689,0.3854871392250061,0.90930753946304321,0.15087774580426117,0.25429397821426392,-0.11927528938097642,0.0035313054971738145,0.3504377007484436,0.13584397733211517,0.17828875780105591,0.56400293111801147,0.29793658782083543,0.01709107868373394,1,1,1987
1,M1,1,cpsa,3,0.78057372924006041,0.084635185922398035,0.52607488632202148,0.27805337309837341,0.78150802850723267,0.00093429926717225609,0.51192653179168701,0,0,0,0,0,0,0,0.48836615681648254,0.7856064418721691,1,1987
1,M1,2,cpsa,4,0.80523402113739306,0.095687129312144736,0.61376696825027466,0.31282377243041992,0.82937127351760864,0.024137252380215579,0.45200768113136292,0.024660291897332653,0.011051943389746702,0.087692081928253174,0.034770399332046509,0.047863245010375977,0.20868505537509918,0.14292903875188726,0.28007987141609192,0.92450931051836938,1,1987
1,M1,3,cpsa,5,0.77201811776547558,0.13331074854448083,0.71821725368499756,0.35230913758277893,0.8520469069480896,0.080028789182614024,0.40003490447998047,-0.0085556114745848344,0.048675562622082794,0.19214236736297607,0.074255764484405518,0.070538878440856934,0.31118848919868469,0.17664821338701561,0.17757663130760193,0.961248112732763,1,1987
1,M1,5,cpsa,7,0.75591343734272776,0.12693138805297255,0.86620223522186279,0.39787912368774414,0.87227416038513184,0.11636072304240408,0.34204423427581787,-0.024660291897332653,0.042296202130574514,0.34012734889984131,0.11982575058937073,0.09076613187789917,0.39896592497825623,0.19476597886260694,0.089768096804618835,0.98037242073477604,1,1987
1,M1,8,cpsa,10,0.7493709109209864,0.15933109345181717,0.98480403423309326,0.42529976367950439,0.88129866123199463,0.13192775031100823,0.30470010638237,-0.03120281831907401,0.074695907529419139,0.45872914791107178,0.14724639058113098,0.099790632724761963,0.44247940182685852,0.20181177654755914,0.04617706686258316,0.98741821841972821,1,1987
1,M1,16,cpsa,18,0.74433819828887771,0.17050754319019634,1.1107896566390991,0.44369736313819885,0.88662952184677124,0.14229132355789353,0.27524268627166748,-0.036235530951182704,0.085872357267798308,0.58471477031707764,0.16564399003982544,0.10512149333953857,0.47019878029823303,0.20684448917966783,0.018345210701227188,0.9924509310518369,1,1987
1,M1,32,cpsa,34,0.73880221439355809,0.17321116528621439,1.1928257942199707,0.45029148459434509,0.8883976936340332,0.14959547924047512,0.26228082180023193,-0.041771514846502322,0.088575979363816351,0.66675090789794922,0.17223811149597168,0.10688966512680054,0.48045662045478821,0.21238047307498742,0.0080092018470168114,0.99798691494715652,1,1987
1,M1,64,cpsa,66,0.73829894313034727,0.17209872160956197,1.2495666742324829,0.45289716124534607,0.88907021284103394,0.15077126971068666,0.25623229146003723,-0.042274786109713136,0.087463535687163932,0.72349178791046143,0.17484378814697266,0.10756218433380127,0.48469176888465881,0.21288374433819829,0.0037266546860337257,0.99849018621036734,1,1987
1,M1,100,cpsa,102,0.73829894313034727,0.17336939892459291,1.2778007984161377,0.45372882485389709,0.8892742395401001,0.15097529640975282,0.2540726363658905,-0.042274786109713136,0.088734213002194876,0.75172591209411621,0.17567545175552368,0.10776621103286743,0.48607784509658813,0.21288374433819829,0.0023225820623338223,0.99849018621036734,1,1987
1,M2,1,cpsa,3,0.78057372924006041,0.084635185922398035,0.52607488632202148,0.27805337309837341,0.78150802850723267,0.00093429926717225609,0.51192653179168701,0,0,0,0,0,0,0,0.60202610492706299,0.68545546049320583,1,1987
1,M2,2,cpsa,4,0.75541016607951683,0.093494674129946873,0.61967569589614868,0.34719687700271606,0.79590803384780884,0.040497867768292006,0.48617562651634216,-0.025163563160543578,0.0088594882075488379,0.093600809574127197,0.069143503904342651,0.014400005340576172,0.24975450336933136,0.17664821338701561,0.35243856906890869,0.85858077503774533,1,1987
1,M2,3,cpsa,5,0.7106190236537494,0.13055068744926759,0.75407963991165161,0.41091933846473694,0.84116965532302856,0.13055063166927916,0.41990381479263306,-0.069954705586311006,0.045915501526869559,0.22800475358963013,0.13286596536636353,0.059661626815795898,0.38572677969932556,0.28384499245093103,0.21643111109733582,0.96930045294413691,1,1987
1,M2,5,cpsa,7,0.69099144438852544,0.19390438958275058,0.96599650382995605,0.47440201044082642,0.88489586114883423,0.19390441676030878,0.33038961887359619,-0.089582284851534966,0.10926920366035255,0.43992161750793457,0.196348637342453,0.10338783264160156,0.49775400757789612,0.30749874182184195,0.10435687750577927,0.99295420231504783,1,1987
1,M2,8,cpsa,10,0.68998490186210371,0.2185863075270747,1.1567820310592651,0.50649106502532959,0.90576040744781494,0.21577550558571124,0.27273696660995483,-0.090588827377956704,0.13395112160467665,0.63070714473724365,0.22843769192695618,0.12425237894058228,0.54995894432067871,0.31202818319073983,0.052121195942163467,0.9974836436839456,1,1987
1,M2,16,cpsa,18,0.68897835933568197,0.23208879635570395,1.386107325553894,0.52595812082290649,0.91807109117507935,0.22909273183939738,0.22837792336940765,-0.091595369904378443,0.1474536104333059,0.86003243923187256,0.24790474772453308,0.13656306266784668,0.58194160461425781,0.31303472571716157,0.020113306120038033,0.99849018621036734,1,1987
1,M2,32,cpsa,34,0.68797181680926023,0.23790882446085557,1.5586560964584351,0.53255218267440796,0.92223089933395386,0.23425908252469363,0.20914605259895325,-0.092601912430800182,0.15327363853845755,1.0325812101364136,0.25449880957603455,0.14072287082672119,0.5934288501739502,0.31454453950679417,0.0086125209927558899,1,1,1987
1,M2,64,cpsa,66,0.68797181680926023,0.23761489357429946,1.6924343109130859,0.53506624698638916,0.92384302616119385,0.23587120935193362,0.20028485357761383,-0.092601912430800182,0.15297970765190144,1.1663594245910645,0.25701287388801575,0.14233499765396118,0.59807020425796509,0.31454453950679417,0.0039639300666749477,1,1,1987
1,M2,100,cpsa,102,0.68797181680926023,0.23707802658952171,1.7644087076187134,0.53585070371627808,0.92435091733932495,0.23637910053006472,0.19715061783790588,-0.092601912430800182,0.15244284066712366,1.2383338212966919,0.25779733061790466,0.14284288883209229,0.59957128763198853,0.31454453950679417,0.0024600683245807886,1,1,1987
1,M3,1,cpsa,3,0.78057372924006041,0.084635185922398035,0.52607488632202148,0.27805337309837341,0.78150802850723267,0.00093429926717225609,0.51192653179168701,0,0,0,0,0,0,0,0.53879463672637939,0.73427277302466032,1,1987
1,M3,2,cpsa,4,0.7700050327126321,0.079359088252403065,0.55395030975341797,0.2967471182346344,0.83012652397155762,0.060121491258925519,0.45180633664131165,-0.010568696527428312,-0.0052760976699949697,0.027875423431396484,0.018693745136260986,0.048618495464324951,0.25283023715019226,0.17966784096628083,0.28620198369026184,0.91243080020130851,1,1987
1,M3,3,cpsa,5,0.76698540513336688,0.097062768261817783,0.62704676389694214,0.32789903879165649,0.86381715536117554,0.096831750227808655,0.38572007417678833,-0.013588324106693528,0.012427582339419749,0.10097187757492065,0.049845665693283081,0.082309126853942871,0.37304213643074036,0.23100150981378964,0.16600914299488068,0.96426774031202822,1,1987
1,M3,5,cpsa,7,0.76195269250125819,0.1316664196704582,0.74426615238189697,0.36288565397262573,0.89347159862518311,0.13151890612392492,0.3118647038936615,-0.018621036738802221,0.047031233748060161,0.21819126605987549,0.084832280874252319,0.11196357011795044,0.4630923867225647,0.24911927528938096,0.075905874371528625,0.98339204831404126,1,1987
1,M3,8,cpsa,10,0.75993960744841471,0.14636858123357896,0.84022814035415649,0.37996649742126465,0.90577608346939087,0.14583647602097616,0.27047237753868103,-0.020634121791645699,0.061733395311180925,0.31415325403213501,0.10191312432289124,0.1242680549621582,0.50142425298690796,0.2571716155007549,0.037522681057453156,0.99144438852541517,1,1987
1,M3,16,cpsa,18,0.75893306492199297,0.15488169374151572,0.94161105155944824,0.39017832279205322,0.91265195608139038,0.15371889115939741,0.24104630947113037,-0.021640664318067437,0.07024650781911769,0.41553616523742676,0.11212494969367981,0.13114392757415771,0.52416175603866577,0.2637141419224962,0.01472584530711174,0.99798691494715652,1,1987
1,M3,32,cpsa,34,0.75842979365878205,0.15768960377770447,1.0065639019012451,0.39378637075424194,0.91500931978225708,0.15657952612347503,0.22865615785121918,-0.022143935581278362,0.073054417855306433,0.48048901557922363,0.11573299765586853,0.13350129127502441,0.53242683410644531,0.26472068444891794,0.0064194155856966972,0.99899345747357826,1,1987
1,M3,64,cpsa,66,0.75842979365878205,0.15901713678449253,1.0491673946380615,0.39522403478622437,0.91592508554458618,0.15749529188580413,0.22296908497810364,-0.022143935581278362,0.074381950862094495,0.52309250831604004,0.11717066168785095,0.13441705703735352,0.53583753108978271,0.26572722697533968,0.0029844166710972786,1,1,1987
1,M3,100,cpsa,102,0.75842979365878205,0.15930949180763332,1.0694341659545898,0.39568343758583069,0.91621226072311401,0.15778246706433197,0.22096018493175507,-0.022143935581278362,0.074674305885235284,0.54335927963256836,0.11763006448745728,0.13470423221588135,0.53695327043533325,0.26572722697533968,0.0018591789994388819,1,1,1987
2,M1,1,late_product,3,0.90689481630598889,0.081038697586625963,0.99366402626037598,0.17868775129318237,0.98460400104522705,0.077709184739238157,0.043460231274366379,0,0,0,0,0,0,0,0.42922255396842957,0.8243583291394061,1,1987
2,M1,2,late_product,4,0.85858077503774533,0.12954409583225646,1.7831380367279053,0.26444879174232483,0.98760664463043213,0.1290258695926868,0.033686324954032898,-0.048314041268243568,0.048505398245630493,0.7894740104675293,0.085761040449142456,0.0030026435852050781,0.13130950927734375,0.070457976849521889,0.32232743501663208,0.88626069451434319,1,1987
2,M1,3,late_product,5,0.84700553598389527,0.14959552435642157,2.4394259452819824,0.30003321170806885,0.99471741914749146,0.14771188316359618,0.01417174469679594,-0.059889280322093619,0.068556826769795604,1.4457619190216064,0.12134546041488647,0.010113418102264404,0.17233334481716156,0.090085556114745849,0.29349929094314575,0.90286864620030194,1,1987
2,M1,5,late_product,7,0.8399597382989431,0.15573386772229678,3.4642024040222168,0.31414151191711426,0.99569368362426758,0.15573394532532447,0.010359210893511772,-0.06693507800704579,0.074695170135670813,2.4705383777618408,0.13545376062393188,0.011089682579040527,0.19226656854152679,0.099647710115752394,0.28237929940223694,0.91092098641167585,1,1987
2,M1,8,late_product,10,0.82989431303472572,0.16771194532281139,4.195892333984375,0.3357616662979126,0.99559611082077026,0.16570179778604455,0.010069956071674824,-0.077000503271263177,0.086673247736185427,3.202228307723999,0.15707391500473022,0.010992109775543213,0.21609924733638763,0.11222949169602416,0.2626405656337738,0.92400603925515856,1,1987
2,M1,16,late_product,18,0.80724710619023654,0.19278834507461767,4.8295540809631348,0.38477420806884766,0.99744296073913574,0.1901958545488992,0.0061514093540608883,-0.099647710115752353,0.11174964748799171,3.8358900547027588,0.20608645677566528,0.012838959693908691,0.25492054224014282,0.12934071464519376,0.23030787706375122,0.94816305988928029,1,1987
2,M1,32,late_product,34,0.78862606945143432,0.20893351360968021,5.4345450401306152,0.41834715008735657,0.99735903739929199,0.20873296794785767,0.0058415904641151428,-0.11826874685455457,0.12789481602305425,4.4408810138702393,0.23965939879417419,0.012755036354064941,0.28694254159927368,0.14645193759436337,0.21460884809494019,0.96779063915450425,1,1987
2,M1,64,late_product,66,0.77503774534474079,0.22364625336239549,5.865929126739502,0.44667300581932068,0.99868404865264893,0.22364630330790813,0.0030090631917119026,-0.1318570709612481,0.14260755577576953,4.872265100479126,0.26798525452613831,0.014080047607421875,0.31177449226379395,0.15903371917463513,0.21205742657184601,0.98087569199798696,1,1987
2,M1,100,late_product,102,0.7725213890286865,0.22724678349002977,6.1038923263549805,0.45467787981033325,0.9995684027671814,0.2270470137384949,0.0012885745381936431,-0.13437342727730239,0.14620808590340381,5.1102283000946045,0.27599012851715088,0.014964401721954346,0.31862270832061768,0.16155007549068948,0.21322114765644073,0.98339204831404126,1,1987
2,M2,1,late_product,3,0.90689481630598889,0.081038697586625963,0.99366402626037598,0.17868775129318237,0.98460400104522705,0.077709184739238157,0.043460231274366379,0,0,0,0,0,0,0,0.66037821769714355,0.67388022143935578,1,1987
2,M2,2,late_product,4,0.82737795671867131,0.15185346142035006,1.3646247386932373,0.29810693860054016,0.97923147678375244,0.15185352006508113,0.050331510603427887,-0.079516859587317579,0.070814763833724093,0.37096071243286133,0.11941918730735779,-0.0053725242614746094,0.19838224351406097,0.11273276295923502,0.52482092380523682,0.75541016607951683,1,1987
2,M2,3,late_product,5,0.81580271766482138,0.17061644363595299,2.4685795307159424,0.3527970016002655,0.98641908168792725,0.17061636402310587,0.033488310873508453,-0.091092098641167518,0.089577746049327028,1.4749155044555664,0.17410925030708313,0.0018150806427001953,0.31873750686645508,0.16859587317564168,0.42208841443061829,0.81077000503271268,1,1987
2,M2,5,late_product,7,0.74232511323603423,0.25230620863693237,4.9078559875488281,0.50597167015075684,0.99382781982421875,0.25150270658818452,0.014805449172854424,-0.16456970306995466,0.17126751105030641,3.9141919612884521,0.32728391885757446,0.0092238187789916992,0.48599487543106079,0.25163563160543534,0.26885989308357239,0.89280322093608455,1,1987
2,M2,8,late_product,10,0.70659285354806245,0.2890674990208591,6.716029167175293,0.5734177827835083,0.99428278207778931,0.28768992852972686,0.017491778358817101,-0.20030196275792644,0.20802880143423313,5.722365140914917,0.39473003149032593,0.0096787810325622559,0.56096917390823364,0.29038751887267239,0.20852567255496979,0.93004529441368899,1,1987
2,M2,16,late_product,18,0.69451434323100147,0.30340476208856254,7.838219165802002,0.60698521137237549,0.99791914224624634,0.30340479901524486,0.0051145912148058414,-0.21238047307498742,0.22236606450193658,6.844555139541626,0.42829746007919312,0.013315141201019287,0.61208027601242065,0.30951182687468548,0.15197165310382843,0.97735279315551082,1,1987
2,M2,32,late_product,34,0.69048817312531452,0.30857560918987492,8.4259519577026367,0.61752414703369141,0.99906373023986816,0.30857555711455364,0.0023694748524576426,-0.21640664318067437,0.22753691160324896,7.4322879314422607,0.43883639574050903,0.014459729194641113,0.6307714581489563,0.31857070961248113,0.14494627714157104,0.98641167589330647,1,1987
2,M2,64,late_product,66,0.68696527428283849,0.31302134502935958,8.5565147399902344,0.62563830614089966,0.99932289123535156,0.31235761695251307,0.001692773774266243,-0.2199295420231504,0.23198264744273361,7.5628507137298584,0.44695055484771729,0.014718890190124512,0.63838005065917969,0.32209360845495721,0.14268209040164948,0.9924509310518369,1,1987
2,M2,100,late_product,102,0.68495218922999501,0.31494433386696602,8.6310825347900391,0.62989568710327148,0.99989652633666992,0.31494433710667491,0.00039358134381473064,-0.22194262707599388,0.23390563628034006,7.6374185085296631,0.45120793581008911,0.015292525291442871,0.64112532138824463,0.32360342224458982,0.14325667917728424,0.99446401610468038,1,1987
2,M3,1,late_product,3,0.90689481630598889,0.081038697586625963,0.99366402626037598,0.17868775129318237,0.98460400104522705,0.077709184739238157,0.043460231274366379,0,0,0,0,0,0,0,0.45216304063796997,0.80322093608454959,1,1987
2,M3,2,late_product,4,0.89984901862103672,0.096563403577617349,1.3984092473983765,0.19570663571357727,0.99591302871704102,0.096064010096004293,0.010965375229716301,-0.0070457976849521708,0.015524705990991386,0.40474522113800049,0.017018884420394897,0.011309027671813965,0.043296903371810913,0.010065425264217413,0.42182973027229309,0.80976346250629094,1,1987
2,M3,3,late_product,5,0.89028686462003015,0.10535762087448075,1.7304650545120239,0.21280974149703979,0.99431043863296509,0.10402357401293494,0.014795462600886822,-0.016607951685958744,0.024318923287854788,0.73680102825164795,0.034121990203857422,0.0097064375877380371,0.069229871034622192,0.023150478107700049,0.39968660473823547,0.82284851534977355,1,1987
2,M3,5,late_product,7,0.84046300956215403,0.14566775202511179,2.3566951751708984,0.28357911109924316,0.98571068048477173,0.1452476709226177,0.028229435905814171,-0.066431806743834865,0.064629054438485822,1.3630311489105225,0.10489135980606079,0.0011066794395446777,0.16799700260162354,0.082033215903371912,0.30340668559074402,0.88173125314544543,1,1987
2,M3,8,late_product,10,0.82083543029693007,0.1752763919993508,3.471710205078125,0.35278207063674927,0.99596083164215088,0.17512540134522081,0.0099128754809498787,-0.086059386009058825,0.094237694412724837,2.478046178817749,0.17409431934356689,0.011356830596923828,0.23448674380779266,0.10619023653749371,0.24006739258766174,0.90790135883241063,1,1987
2,M3,16,late_product,18,0.79265223955712127,0.20290937727278777,4.9321508407592773,0.40746942162513733,0.99556159973144531,0.20290936017432404,0.0097239268943667412,-0.11424257674886762,0.1218706796861618,3.9384868144989014,0.22878167033195496,0.010957598686218262,0.30963724851608276,0.14494212380473076,0.18444132804870605,0.94614997483643681,1,1987
2,M3,32,late_product,34,0.77755410166079519,0.22072292754082568,5.6437649726867676,0.44135797023773193,0.99827700853347778,0.22072290687268259,0.0040777423419058323,-0.1293407146451937,0.13968422995419971,4.6501009464263916,0.26267021894454956,0.013673007488250732,0.35498690605163574,0.16809260191243081,0.1660410612821579,0.96980372420734773,1,1987
2,M3,64,late_product,66,0.77151484650226476,0.22768916166422654,6.0375981330871582,0.45520296692848206,0.99875718355178833,0.22724233704952357,0.0033148000948131084,-0.13537996980372413,0.14665046407760057,5.0439341068267822,0.27651521563529968,0.014153182506561279,0.3800300657749176,0.1801711122294917,0.16019897162914276,0.9818822345244087,1,1987
2,M3,100,late_product,102,0.76950176144942128,0.23035614242731298,6.1409435272216797,0.46023586392402649,0.9994664192199707,0.22996465777054942,0.0012625771341845393,-0.13739305485656761,0.14931744484068701,5.1472795009613037,0.28154811263084412,0.014862418174743652,0.38722687959671021,0.18369401107196778,0.16063518822193146,0.98590840463009566,1,1987
2,M1,1,late_mean,3,0.87267237040764978,0.13403904740991576,0.49721807241439819,0.24929270148277283,0.74252778291702271,-0.13014458749062707,0.56922990083694458,0,0,0,0,0,0,0,0.46892586350440979,0.85908404630095625,1,1987
2,M1,2,late_mean,4,0.80573729240060388,0.094956903014881383,0.52360802888870239,0.26523581147193909,0.77245539426803589,-0.033281898132567989,0.54855430126190186,-0.066935078007045901,-0.039082144395034379,0.026389956474304199,0.01594310998916626,0.029927611351013184,0.11723146587610245,0.088072471061902372,0.35169440507888794,0.945646703573226,1,1987
2,M1,3,late_mean,5,0.79214896829391046,0.070359411090237439,0.55100482702255249,0.28473204374313354,0.79474693536758423,0.0025979670736737681,0.52126753330230713,-0.080523402113739317,-0.063679636319678323,0.053786754608154297,0.035439342260360718,0.052219152450561523,0.18757034838199615,0.10266733769501761,0.28135550022125244,0.961248112732763,1,1987
2,M1,5,late_mean,7,0.78409662808253644,0.10077842017124809,0.5976606011390686,0.31613323092460632,0.82154792547225952,0.037451297389723082,0.47553321719169617,-0.088575742325113338,-0.03326062723866767,0.10044252872467041,0.066840529441833496,0.079020142555236816,0.26795762777328491,0.11323603422244589,0.20096822082996368,0.97232008052340213,1,1987
2,M1,8,late_mean,10,0.77554101660795172,0.13326940999357437,0.65021604299545288,0.34606793522834778,0.84254425764083862,0.067003241032886907,0.42943969368934631,-0.097131353799698061,-0.00076963741634139549,0.15299797058105469,0.096775233745574951,0.10001647472381592,0.32824811339378357,0.1217916456970307,0.14067775011062622,0.98037242073477604,1,1987
2,M1,16,late_mean,18,0.7700050327126321,0.15182539504199516,0.73788315057754517,0.38289090991020203,0.86491477489471436,0.094909742182082257,0.367684006690979,-0.10266733769501768,0.017786347632079397,0.24066507816314697,0.1335982084274292,0.12238699197769165,0.3907715380191803,0.12732762959235028,0.078154303133487701,0.98590840463009566,1,1987
2,M1,32,late_mean,34,0.76648213387015607,0.16672553019302838,0.82948112487792969,0.40730038285255432,0.87824153900146484,0.11175940513130878,0.32160589098930359,-0.10619023653749371,0.032686482783112619,0.33226305246353149,0.15800768136978149,0.13571375608444214,0.42755001783370972,0.13135379969803723,0.041375823318958282,0.99043784599899343,1,1987
2,M1,64,late_mean,66,0.76094614997483645,0.17071977694189361,0.91832035779953003,0.42147287726402283,0.8856581449508667,0.12471199497603025,0.29135516285896301,-0.11172622043281333,0.036680729531977846,0.42110228538513184,0.17218017578125,0.14313036203384399,0.447611004114151,0.13688978359335682,0.0213148333132267,0.99597382989431305,1,1987
2,M1,100,late_mean,102,0.75993960744841471,0.17237687295384302,0.97202754020690918,0.42694377899169922,0.88846558332443237,0.12852597587601766,0.27844300866127014,-0.11273276295923507,0.038337825543927256,0.47480946779251099,0.17765107750892639,0.14593780040740967,0.45513385534286499,0.13789632611977856,0.013792007230222225,0.99698037242073478,1,1987
2,M2,1,late_mean,3,0.87267237040764978,0.13403904740991576,0.49721807241439819,0.24929270148277283,0.74252778291702271,-0.13014458749062707,0.56922990083694458,0,0,0,0,0,0,0,0.55756074190139771,0.69753397081026669,1,1987
2,M2,2,late_mean,4,0.77705083039758427,0.062943308600601849,0.52641779184341431,0.2789149284362793,0.74937593936920166,-0.027674891028382609,0.55322301387786865,-0.095621540010065509,-0.071095738809313913,0.029199719429016113,0.02962222695350647,0.0068481564521789551,0.13939018547534943,0.19728233517866131,0.41817057132720947,0.89380976346250629,1,1987
2,M2,3,late_mean,5,0.69048817312531452,0.1613792079024178,0.56270599365234375,0.31083619594573975,0.78234833478927612,0.091860161663961604,0.5241197943687439,-0.18218419728233526,0.027340160492502041,0.065487921237945557,0.061543494462966919,0.039820551872253418,0.22302430868148804,0.28837443381982891,0.33453643321990967,0.98439859084046299,1,1987
2,M2,5,late_mean,7,0.68847508807247104,0.19077661122037468,0.62836611270904541,0.36031067371368408,0.8235175609588623,0.13504247288639126,0.47181433439254761,-0.18419728233517874,0.056737563810458913,0.13114804029464722,0.11101797223091125,0.0809897780418396,0.3186061680316925,0.29542023150478108,0.23895460367202759,0.99194765978862609,1,1987
2,M2,8,late_mean,10,0.68646200301962756,0.19671384677493398,0.70543956756591797,0.40651169419288635,0.85481828451156616,0.1683562814919386,0.41709932684898376,-0.18621036738802221,0.062674799365018213,0.20822149515151978,0.15721899271011353,0.11229050159454346,0.39029249548912048,0.29743331655762456,0.16726821660995483,0.99396074484146957,1,1987
2,M2,16,late_mean,18,0.68444891796678409,0.21488524036726639,0.83893245458602905,0.4626581072807312,0.88743716478347778,0.2029882468166937,0.34192618727684021,-0.18822345244086569,0.080846192957350627,0.34171438217163086,0.21336540579795837,0.14490938186645508,0.46463394165039062,0.29994967287367891,0.092926777899265289,0.99698037242073478,1,1987
2,M2,32,late_mean,34,0.68444891796678409,0.22227766988381831,0.98398524522781372,0.49960178136825562,0.90672659873962402,0.22227768077283994,0.2847437858581543,-0.18822345244086569,0.088238622473902545,0.48676717281341553,0.25030907988548279,0.16419881582260132,0.50836420059204102,0.30095621540010065,0.049196541309356689,0.99849018621036734,1,1987
2,M2,64,late_mean,66,0.68495218922999501,0.2323055549608623,1.1306173801422119,0.52097558975219727,0.91725778579711914,0.23230559656712413,0.24670660495758057,-0.18772018117765477,0.098266507550946541,0.63339930772781372,0.27168288826942444,0.17473000288009644,0.53221708536148071,0.30145948666331152,0.025343673303723335,0.99899345747357826,1,1987
2,M2,100,late_mean,102,0.68495218922999501,0.23625600107002934,1.2229644060134888,0.5292133092880249,0.92120820283889771,0.23625601360890269,0.23033276200294495,-0.18772018117765477,0.10221695366011357,0.72574633359909058,0.27992060780525208,0.178680419921875,0.54116177558898926,0.30145948666331152,0.016398955136537552,0.99899345747357826,1,1987
2,M3,1,late_mean,3,0.87267237040764978,0.13403904740991576,0.49721807241439819,0.24929270148277283,0.74252778291702271,-0.13014458749062707,0.56922990083694458,0,0,0,0,0,0,0,0.53671723604202271,0.75742325113236031,1,1987
2,M3,2,late_mean,4,0.80523402113739306,0.13050639977332748,0.48573005199432373,0.24177040159702301,0.76701515913009644,-0.038218862007296628,0.55022799968719482,-0.067438349270256714,-0.003532647636588282,-0.011488020420074463,-0.0075222998857498169,0.02448737621307373,0.13417930901050568,0.17161550075490689,0.40253794193267822,0.92903875188726726,1,1987
2,M3,3,late_mean,5,0.78761952692501258,0.14390914201376484,0.49301114678382874,0.24969993531703949,0.79431062936782837,0.0066911024428157884,0.52074187994003296,-0.085052843482637197,0.0098700946038490778,-0.004206925630569458,0.0004072338342666626,0.051782846450805664,0.21468688547611237,0.19879214896829392,0.32203036546707153,0.95571212883744339,1,1987
2,M3,5,late_mean,7,0.77705083039758427,0.15476948352812758,0.51692622900009155,0.27018946409225464,0.82854127883911133,0.051490448441527059,0.46933615207672119,-0.095621540010065509,0.02073043611821182,0.019708156585693359,0.020896762609481812,0.086013495922088623,0.30669558048248291,0.21540010065425264,0.23002165555953979,0.97282335178661294,1,1987
2,M3,8,late_mean,10,0.7725213890286865,0.1494364964344061,0.55093693733215332,0.2935556173324585,0.85520923137664795,0.082687842347961449,0.41637378931045532,-0.10015098137896328,0.015397449024490334,0.053718864917755127,0.044262915849685669,0.11268144845962524,0.37570208311080933,0.22345244086562657,0.16101516783237457,0.98087569199798696,1,1987
2,M3,16,late_mean,18,0.76899849018621036,0.13438724940544283,0.61411780118942261,0.32502907514572144,0.88352787494659424,0.11452938476038388,0.34430336952209473,-0.10367388022143942,0.00034820199552706987,0.11689972877502441,0.075736373662948608,0.14100009202957153,0.4472644031047821,0.22949169602415703,0.089452870190143585,0.9869149471565174,1,1987
2,M3,32,late_mean,34,0.76899849018621036,0.13142921043270248,0.68253856897354126,0.3469872772693634,0.90042775869369507,0.13142926850748471,0.28986251354217529,-0.10367388022143942,-0.0026098369772132868,0.18532049655914307,0.097694575786590576,0.15789997577667236,0.48935985565185547,0.23603422244589833,0.047357391566038132,0.99345747357825864,1,1987
2,M3,64,late_mean,66,0.76799194765978862,0.14177408872924985,0.74780327081680298,0.36003991961479187,0.90976601839065552,0.1417740707308669,0.25382241606712341,-0.10468042274786116,0.007735041319334085,0.25058519840240479,0.11074721813201904,0.16723823547363281,0.51232099533081055,0.24106693507800706,0.024396257475018501,0.99849018621036734,1,1987
2,M3,100,late_mean,102,0.76799194765978862,0.14613901109448252,0.78590357303619385,0.36513030529022217,0.91329348087310791,0.14530153321331929,0.23836034536361694,-0.10468042274786116,0.012099963684566756,0.28868550062179565,0.11583760380744934,0.17076569795608521,0.52093148231506348,0.24106693507800706,0.015785843133926392,0.99849018621036734,1,1987
2,M1,1,cpsa,3,0.84599899345747354,0.056109958278154938,0.47982874512672424,0.23200847208499908,0.80128216743469238,-0.044716826022781153,0.49007520079612732,0,0,0,0,0,0,0,0.43186670541763306,0.82184197282335181,1,1987
2,M1,2,cpsa,4,0.79617513839959742,0.074064506123158347,0.56272244453430176,0.28114497661590576,0.82829231023788452,0.032117171838287106,0.44871923327445984,-0.049823855057876121,0.017954547845003409,0.082893699407577515,0.049136504530906677,0.027010142803192139,0.18532156944274902,0.10770005032712632,0.24694615602493286,0.92903875188726726,1,1987
2,M1,3,cpsa,5,0.78158027176648215,0.10344921897629968,0.65897667407989502,0.33464300632476807,0.85694217681884766,0.075361905052365508,0.39552798867225647,-0.064418721690991387,0.047339260698144738,0.17914792895317078,0.10263453423976898,0.055660009384155273,0.28397423028945923,0.15349773527931554,0.14845243096351624,0.97483643683945642,1,1987
2,M1,5,cpsa,7,0.77101157523905384,0.15181050271500759,0.79436928033828735,0.38753953576087952,0.87838184833526611,0.10737027309621228,0.33325409889221191,-0.074987418218419699,0.095700544436852664,0.31454053521156311,0.15553106367588043,0.07709968090057373,0.36142727732658386,0.16406643180674382,0.071060501039028168,0.98540513336688473,1,1987
2,M1,8,cpsa,10,0.76648213387015607,0.16857856206097194,0.90525031089782715,0.41287311911582947,0.88684749603271484,0.12036536216255878,0.29711747169494629,-0.079516859587317468,0.11246860378281701,0.42542156577110291,0.18086464703083038,0.085565328598022461,0.39607742428779602,0.16859587317564168,0.036330610513687134,0.98943130347257169,1,1987
2,M1,16,cpsa,18,0.76094614997483645,0.17273379833061137,1.0283112525939941,0.42803558707237244,0.89133334159851074,0.13038719162367429,0.27091962099075317,-0.085052843482637086,0.11662384005245643,0.5484825074672699,0.19602711498737335,0.090051174163818359,0.41750437021255493,0.17413185707096124,0.014720856212079525,0.99597382989431305,1,1987
2,M1,32,cpsa,34,0.75993960744841471,0.17704125920851502,1.1133161783218384,0.43332165479660034,0.89272642135620117,0.13278681390778646,0.25983130931854248,-0.086059386009058825,0.12093130093036009,0.63348743319511414,0.20131318271160126,0.091444253921508789,0.42552667856216431,0.17513839959738298,0.0065477616153657436,0.99698037242073478,1,1987
2,M1,64,cpsa,66,0.75792652239557123,0.17651491319347279,1.1749706268310547,0.43541935086250305,0.89323979616165161,0.13531327376608038,0.25470873713493347,-0.088072471061902302,0.12040495491531786,0.69514188170433044,0.20341087877750397,0.091957628726959229,0.42889425158500671,0.17715148465022648,0.0030845941510051489,0.99899345747357826,1,1987
2,M1,100,cpsa,102,0.75792652239557123,0.17633040637062855,1.206744909286499,0.43609395623207092,0.8933984637260437,0.13547194133047247,0.25287643074989319,-0.088072471061902302,0.12022044809247362,0.72691616415977478,0.20408548414707184,0.092116296291351318,0.43000870943069458,0.17715148465022648,0.0019318670965731144,0.99899345747357826,1,1987
2,M2,1,cpsa,3,0.84599899345747354,0.056109958278154938,0.47982874512672424,0.23200847208499908,0.80128216743469238,-0.044716826022781153,0.49007520079612732,0,0,0,0,0,0,0,0.55666285753250122,0.73326623049823858,1,1987
2,M2,2,cpsa,4,0.78812279818822351,0.069579478268894518,0.55995684862136841,0.27919545769691467,0.81766355037689209,0.029540752188668584,0.46522766351699829,-0.05787619526925003,0.01346951999073958,0.080128103494644165,0.047186985611915588,0.016381382942199707,0.21527166664600372,0.15198792148968293,0.34158986806869507,0.88525415198792146,1,1987
2,M2,3,cpsa,5,0.71011575239053848,0.15294459406670818,0.68374931812286377,0.35628533363342285,0.84252166748046875,0.13240591508993027,0.41516456007957458,-0.13588324106693506,0.096834635788553253,0.20392057299613953,0.12427686154842377,0.041239500045776367,0.34769535064697266,0.23603422244589833,0.20918464660644531,0.96829391041771518,1,1987
2,M2,5,cpsa,7,0.68595873175641675,0.20301296036628608,0.89199793338775635,0.4552132785320282,0.88897168636322021,0.20301295460680346,0.33111101388931274,-0.16004026170105679,0.14690300208813115,0.4121691882610321,0.22320480644702911,0.087689518928527832,0.46144130825996399,0.26270759939607446,0.095406368374824524,0.99496728736789131,1,1987
2,M2,8,cpsa,10,0.68495218922999501,0.22518872722765881,1.0841690301895142,0.50447744131088257,0.91014087200164795,0.22518868277165294,0.2733113169670105,-0.16104680422747852,0.16907876894950388,0.60434028506278992,0.27246896922588348,0.10885870456695557,0.51101768016815186,0.26421741318570707,0.045781228691339493,0.99698037242073478,1,1987
2,M2,16,cpsa,18,0.68444891796678409,0.23733799355259236,1.3207167387008667,0.53114312887191772,0.92178690433502197,0.23733798636823789,0.22939729690551758,-0.16155007549068945,0.18122803527443743,0.84088799357414246,0.29913465678691864,0.12050473690032959,0.53933417797088623,0.26522395571212881,0.017407514154911041,0.99849018621036734,1,1987
2,M2,32,cpsa,34,0.68495218922999501,0.24071785608127483,1.5013759136199951,0.53932851552963257,0.92567002773284912,0.24071783850285411,0.21055448055267334,-0.16104680422747852,0.1846078978031199,1.0215471684932709,0.30732004344463348,0.12438786029815674,0.54922777414321899,0.26572722697533968,0.0074774539098143578,0.99899345747357826,1,1987
2,M2,64,cpsa,66,0.68495218922999501,0.24223081549328657,1.642611026763916,0.54229360818862915,0.92718291282653809,0.24223072359654307,0.20188635587692261,-0.16104680422747852,0.18612085721513164,1.1627822816371918,0.31028513610363007,0.1259007453918457,0.5532219409942627,0.26572722697533968,0.0034625350963324308,0.99899345747357826,1,1987
2,M2,100,cpsa,102,0.68495218922999501,0.24271381091819555,1.7195228338241577,0.54320275783538818,0.92766600847244263,0.24271381924244761,0.19880981743335724,-0.16104680422747852,0.18660385264004062,1.2396940886974335,0.3111942857503891,0.12638384103775024,0.55452096462249756,0.26572722697533968,0.0021556715946644545,0.99899345747357826,1,1987
2,M3,1,cpsa,3,0.84599899345747354,0.056109958278154938,0.47982874512672424,0.23200847208499908,0.80128216743469238,-0.044716826022781153,0.49007520079612732,0,0,0,0,0,0,0,0.50707066059112549,0.75037745344740814,1,1987
2,M3,2,cpsa,4,0.79969803724207345,0.083784915015633885,0.48655286431312561,0.24923695623874664,0.8197094202041626,0.020011382962089153,0.45875006914138794,-0.046300956215400091,0.027674956737478947,0.0067241191864013672,0.017228484153747559,0.018427252769470215,0.2073298841714859,0.19929542023150479,0.29981246590614319,0.94212380473074986,1,1987
2,M3,3,cpsa,5,0.77956718671363867,0.11529729917652955,0.54072529077529907,0.28673431277275085,0.85925507545471191,0.079687888741073243,0.39878657460212708,-0.066431806743834865,0.059187340898374609,0.060896545648574829,0.05472584068775177,0.057972908020019531,0.32561430335044861,0.22546552591847005,0.18162630498409271,0.96879718168092599,1,1987
2,M3,5,cpsa,7,0.77101157523905384,0.12962175736969661,0.63505262136459351,0.33064216375350952,0.89348632097244263,0.12247474573338879,0.31771612167358398,-0.074987418218419699,0.07351179909154168,0.15522387623786926,0.098633691668510437,0.092204153537750244,0.42213878035545349,0.23905385002516355,0.085260599851608276,0.98288877705083044,1,1987
2,M3,8,cpsa,10,0.76748867639657781,0.14094552129252091,0.71713978052139282,0.35305044054985046,0.90792703628540039,0.14043835988882258,0.26781103014945984,-0.078510317060895729,0.084835563014365983,0.23731103539466858,0.12104196846485138,0.10664486885070801,0.46515998244285583,0.2435832913940614,0.042273767292499542,0.98842476094614995,1,1987
2,M3,16,cpsa,18,0.76950176144942128,0.14665959698204784,0.80864238739013672,0.36661764979362488,0.9156530499458313,0.14615128849641001,0.23176169395446777,-0.076497232008052252,0.090549638703892904,0.32881364226341248,0.13460917770862579,0.11437088251113892,0.49073553085327148,0.24609964771011575,0.016581816598773003,0.99496728736789131,1,1987
2,M3,32,cpsa,34,0.76799194765978862,0.15034770740596384,0.87030303478240967,0.37132668495178223,0.91810351610183716,0.15011156844204854,0.2168356329202652,-0.078007045797684915,0.094237749127808912,0.39047428965568542,0.13931821286678314,0.11682134866714478,0.49996739625930786,0.2486160040261701,0.0072384318336844444,0.99849018621036734,1,1987
2,M3,64,cpsa,66,0.76748867639657781,0.15154315269527335,0.914154052734375,0.37318336963653564,0.91903179883956909,0.15154312244299128,0.21008040010929108,-0.078510317060895729,0.095433194417118422,0.43432530760765076,0.14117489755153656,0.11774963140487671,0.50376832485198975,0.24911927528938096,0.0033723849337548018,0.99899345747357826,1,1987
2,M3,100,cpsa,102,0.76748867639657781,0.15182803233004605,0.93654477596282959,0.37377676367759705,0.91931682825088501,0.1518281518543072,0.20770840346813202,-0.078510317060895729,0.095718074051891117,0.45671603083610535,0.14176829159259796,0.11803466081619263,0.5050123929977417,0.24911927528938096,0.0021036250982433558,0.99899345747357826,1,1987
