seed,source,k,operator,n_tokens,accuracy,macro_f1,balanced_accuracy,ece,nll,brier,confidence,conf_acc_gap,entropy,d_accuracy,d_macro_f1,d_balanced_accuracy,d_ece,d_nll,d_brier,d_confidence,d_entropy,mean_l1_to_k1,prediction_flip_rate,mean_l1_to_pj,source_top_class_agreement,unique_source_argmax_frac,n
0,M1,1,late_product,2,0.92820999367488932,0.7939602176814633,0.78710423834215115,0.038497478175133146,0.23815459012985229,0.11168047785758972,0.96353316307067871,0.035323169395789389,0.090190939605236053,0,0,0,0,0,0,0,0,0,0,0.18008130788803101,0.91208096141682482,1,3162
0,M1,2,late_product,3,0.90891840607210628,0.77674303163485392,0.77933464643415418,0.065353236748476998,0.4215959906578064,0.1501087099313736,0.97412866353988647,0.065210257467780197,0.061506923288106918,-0.019291587602783045,-0.017217186046609378,-0.0077695919079969755,0.026855758573343852,0.1834414005279541,0.038428232073783875,0.010595500469207764,-0.028684016317129135,0.069611482322216034,0.032258064516129031,0.14095629751682281,0.94402277039848193,1,3162
0,M1,3,late_product,4,0.89373814041745736,0.75348742493488796,0.76291081834956298,0.087747635587267642,0.65689796209335327,0.18182006478309631,0.98148578405380249,0.08774764363634513,0.044207755476236343,-0.034471853257431961,-0.040472792746575337,-0.024193419992588172,0.049250157412134496,0.41874337196350098,0.070139586925506592,0.017952620983123779,-0.04598318412899971,0.1069682314991951,0.051233396584440226,0.12547841668128967,0.96299810246679318,1,3162
0,M1,5,late_product,6,0.88519924098671732,0.73095002670290354,0.74945387640562544,0.10441369087842355,1.1274058818817139,0.21223197877407074,0.98870599269866943,0.10350675171195212,0.027069425210356712,-0.043010752688172005,-0.063010190978559755,-0.037650361936525711,0.0659162127032904,0.88925129175186157,0.10055150091648102,0.025172829627990723,-0.063121514394879341,0.13785137236118317,0.062934851359898791,0.1215929388999939,0.97469955724225177,1,3162
0,M1,8,late_product,9,0.87982289690069582,0.72540220651832354,0.74402726531284846,0.11415060392329396,1.6737382411956787,0.23054711520671844,0.99266511201858521,0.11284221511788939,0.017505703493952751,-0.048387096774193505,-0.068558011163139754,-0.04307697302930269,0.075653125748160813,1.4355836510658264,0.11886663734912872,0.029131948947906494,-0.072685236111283302,0.15612025558948517,0.070841239721695135,0.12247269600629807,0.98292220113851991,1,3162
0,M1,16,late_product,17,0.87128399746995577,0.72451512154909103,0.74540862804220831,0.1247255285656354,2.5036540031433105,0.24917875230312347,0.99600940942764282,0.12472541195768705,0.0093512805178761482,-0.056925996204933549,-0.069445096132372264,-0.041695610299942842,0.086228050390502256,2.2654994130134583,0.13749827444553375,0.032476246356964111,-0.080839659087359905,0.17490629851818085,0.081593927893738136,0.12444963306188583,0.99367488931056291,1,3162
0,M1,32,late_product,33,0.87128399746995577,0.72754992708442134,0.75202021050777301,0.12743835323675762,3.0346629619598389,0.25586938858032227,0.99826443195343018,0.1269804344834744,0.0043663876131176949,-0.056925996204933549,-0.066410290597041954,-0.03508402783437814,0.088940875061624472,2.7965083718299866,0.14418891072273254,0.034731268882751465,-0.085824551992118359,0.18255044519901276,0.083807716635041107,0.1283949613571167,0.99588867805186587,1,3162
0,M1,64,late_product,65,0.87033523086654019,0.72704546994559227,0.75150787571868649,0.12928964862108686,3.3537163734436035,0.25853633880615234,0.99903547763824463,0.12870024677170444,0.0023758215829730034,-0.057874762808349134,-0.066914747735871027,-0.035596362623464661,0.09079217044595371,3.1155617833137512,0.14685586094856262,0.035502314567565918,-0.08781511802226305,0.18668054044246674,0.085388994307400379,0.12971873581409454,0.99746995572422514,1,3162
0,M1,100,late_product,101,0.87001897533206829,0.73263984753039013,0.75421895425248264,0.12987497164281694,3.4604012966156006,0.25958177447319031,0.99939060211181641,0.12937162677974812,0.0015873803058639169,-0.058191018342821033,-0.061320370151073167,-0.032885284089668509,0.091377493467683799,3.2222467064857483,0.14790129661560059,0.035857439041137695,-0.088603559299372137,0.18803133070468903,0.086337760910815936,0.13038794696331024,0.99841872232764073,1,3162
0,M2,1,late_product,2,0.92820999367488932,0.7939602176814633,0.78710423834215115,0.038497478175133146,0.23815459012985229,0.11168047785758972,0.96353316307067871,0.035323169395789389,0.090190939605236053,0,0,0,0,0,0,0,0,0,0,0.5384286642074585,0.78494623655913975,1,3162
0,M2,2,late_product,3,0.92757748260594564,0.79469822665405943,0.78241201463468169,0.045417255159422729,0.31288155913352966,0.11557237803936005,0.97289222478866577,0.045314742182720136,0.066591858863830566,-0.00063251106894368636,0.00073800897259612697,-0.0046922237074694673,0.0069197769842895829,0.074726969003677368,0.0038919001817703247,0.0093590617179870605,-0.023599080741405487,0.066869869828224182,0.028146742567994938,0.50943422317504883,0.80803289057558503,1,3162
0,M2,3,late_product,4,0.91461100569259957,0.78075126928839411,0.76587887081860284,0.061498680865365044,0.46431884169578552,0.14232537150382996,0.97610974311828613,0.061498737425686567,0.058148663491010666,-0.013598987982289756,-0.013208948393069186,-0.021225367523548311,0.023001202690231898,0.22616425156593323,0.030644893646240234,0.012576580047607422,-0.032042276114225388,0.11673452705144882,0.051233396584440226,0.48252251744270325,0.82985452245414293,1,3162
0,M2,5,late_product,6,0.88709677419354838,0.75836065841906652,0.7439173286655012,0.093097561931474393,0.88402724266052246,0.19794166088104248,0.9801943302154541,0.093097556021905725,0.047207634896039963,-0.041113219481340946,-0.035599559262396774,-0.043186909676649954,0.054600083756341247,0.64587265253067017,0.086261183023452759,0.016661167144775391,-0.042983304709196091,0.18673551082611084,0.086654016445287793,0.44261437654495239,0.864326375711575,1,3162
0,M2,8,late_product,9,0.8589500316255535,0.72957811458914679,0.71169915239904757,0.12714446776656693,1.5881822109222412,0.25843656063079834,0.98609453439712524,0.12714450277157174,0.034035671502351761,-0.069259962049335821,-0.064382103092316512,-0.075405085943103578,0.088646989591433786,1.3500276207923889,0.14675608277320862,0.022561371326446533,-0.056155268102884293,0.25031417608261108,0.11859582542694497,0.41263920068740845,0.89848197343453506,1,3162
0,M2,16,late_product,17,0.82890575585072734,0.71124688776435885,0.69451220940104397,0.16148172653528203,2.9413599967956543,0.32982289791107178,0.99038755893707275,0.16148180308634541,0.023481300100684166,-0.099304237824161978,-0.08271332991710445,-0.092592028941107185,0.12298424836014889,2.703205406665802,0.21814242005348206,0.026854395866394043,-0.066709639504551888,0.32389816641807556,0.15211891208096143,0.38972571492195129,0.93200506008855155,1,3162
0,M2,32,late_product,33,0.80139152435167615,0.69666186200579849,0.68046858543577515,0.19350951813882397,4.2944340705871582,0.39041063189506531,0.99490118026733398,0.19350965591565783,0.012296007946133614,-0.12681846932321317,-0.097298355675664805,-0.106635652906376,0.15501203996369084,4.0562794804573059,0.27873015403747559,0.031368017196655273,-0.07789493165910244,0.38504266738891602,0.18374446552814674,0.38041380047798157,0.96616065781151172,1,3162
0,M2,64,late_product,65,0.78874130297280198,0.68788583680822024,0.67244001378009921,0.21000646151823757,5.2670979499816895,0.42009535431861877,0.99747127294540405,0.20872996997260207,0.0062530417926609516,-0.13946869070208734,-0.10607438087324306,-0.11466422456205194,0.17150898334310444,5.0289433598518372,0.30841487646102905,0.033938109874725342,-0.083937897812575102,0.41417962312698364,0.19797596457938013,0.380869060754776,0.98134092346616064,1,3162
0,M2,100,late_product,101,0.78336495888678048,0.67802819993501584,0.66310417651199638,0.21522786644046474,5.6351561546325684,0.43132713437080383,0.99797922372817993,0.21461426484139945,0.0045187412761151791,-0.14484503478810884,-0.11593201774644746,-0.12400006183015477,0.17673038826533161,5.3970015645027161,0.31964665651321411,0.034446060657501221,-0.085672198329120874,0.42614567279815674,0.20398481973434535,0.38117751479148865,0.98734977862112583,1,3162
0,M1,1,late_mean,2,0.90891840607210628,0.77974783140445458,0.77838894414263526,0.1074948363727139,0.33108603954315186,0.17130985856056213,0.80180984735488892,-0.10710855871721736,0.47674989700317383,0,0,0,0,0,0,0,0,0,0,0.32193624973297119,0.92979127134724859,1,3162
0,M1,2,late_mean,3,0.88456672991777352,0.73556291845803756,0.75193887857888742,0.084841828993571677,0.30385875701904297,0.15873569250106812,0.84204906225204468,-0.042517667665728842,0.41789659857749939,-0.024351676154332758,-0.044184912946417021,-0.026450065563747849,-0.02265300737914222,-0.027227282524108887,-0.012574166059494019,0.040239214897155762,-0.058853298425674438,0.10731208324432373,0.045540796963946868,0.21462416648864746,0.97533206831119545,1,3162
0,M1,3,late_mean,4,0.87760910815939275,0.72582756432614737,0.74526437387317712,0.067335305562281733,0.29707661271095276,0.15983961522579193,0.86431169509887695,-0.013297413060515795,0.37665379047393799,-0.03130929791271353,-0.053920267078307216,-0.033124570269458142,-0.040159530810432165,-0.034009426832199097,-0.011470243334770203,0.062501847743988037,-0.10009610652923584,0.1609681248664856,0.054395951929158762,0.1609681248664856,0.98418722327640729,1,3162
0,M1,5,late_mean,6,0.87254901960784315,0.72317579480615946,0.74257335705457217,0.056552211566110136,0.29642361402511597,0.16587089002132416,0.88727074861526489,0.014721729007421747,0.32550176978111267,-0.036369386464263131,-0.056572036598295128,-0.035815587088063094,-0.050942624806603762,-0.034662425518035889,-0.0054389685392379761,0.085460901260375977,-0.15124812722206116,0.21462416648864746,0.060088551549652119,0.10731208324432373,0.98987982289690069,1,3162
0,M1,8,late_mean,9,0.87065148640101198,0.72161122151671842,0.7426275328546641,0.04952284470341918,0.30121386051177979,0.17262916266918182,0.90277409553527832,0.032122609134266344,0.28421479463577271,-0.038266919671094302,-0.058136609887736168,-0.035761411287971168,-0.057971991669294717,-0.02987217903137207,0.0013193041086196899,0.1009642481803894,-0.19253510236740112,0.25039485096931458,0.063567362428842505,0.071541383862495422,0.99335863377609113,1,3162
0,M1,16,late_mean,17,0.8697027197975965,0.72502042625319429,0.74797612968694027,0.049636278233145134,0.31299880146980286,0.18099035322666168,0.9175034761428833,0.047800756345286799,0.23770135641098022,-0.039215686274509776,-0.054727405151260289,-0.030412814455694992,-0.057858558139568764,-0.018087238073348999,0.0096804946660995483,0.11569362878799438,-0.2390485405921936,0.28406140208244324,0.067678684376976592,0.037874858826398849,0.99746995572422514,1,3162
0,M1,32,late_mean,33,0.87001897533206829,0.72685595242252132,0.75130946302027368,0.057896948186827918,0.32612505555152893,0.18636862933635712,0.92559152841567993,0.055572553083611642,0.20733706653118134,-0.038899430740037988,-0.05289187898193326,-0.027079481122361582,-0.04959788818588598,-0.0049609839916229248,0.015058770775794983,0.12378168106079102,-0.26941283047199249,0.30242496728897095,0.067994939911448449,0.019511314108967781,0.99778621125869704,1,3162
0,M1,64,late_mean,65,0.8693864642631246,0.73231776395644665,0.7538676363552933,0.064047467531394869,0.33810099959373474,0.18941180408000946,0.92983019351959229,0.060443729256467682,0.18893858790397644,-0.039531941808981674,-0.047430067448007929,-0.024521307787341962,-0.043447368841319028,0.0070149600505828857,0.018101945519447327,0.12802034616470337,-0.28781130909919739,0.31203052401542664,0.069259962049335863,0.009905708022415638,0.99905123339658441,1,3162
0,M1,100,late_mean,101,0.86875395319418092,0.73196831953421138,0.75350518166212987,0.065626850616773549,0.34476259350776672,0.19057007133960724,0.93139195442199707,0.062638001227816154,0.1814160943031311,-0.040164452877925361,-0.047779511870243208,-0.024883762480505389,-0.041867985755940348,0.013676553964614868,0.019260212779045105,0.12958210706710815,-0.29533380270004272,0.31556129455566406,0.069892473118279563,0.0063749756664037704,0.9996837444655281,1,3162
0,M2,1,late_mean,2,0.90891840607210628,0.77974783140445458,0.77838894414263526,0.1074948363727139,0.33108603954315186,0.17130985856056213,0.80180984735488892,-0.10710855871721736,0.47674989700317383,0,0,0,0,0,0,0,0,0,0,0.32193624973297119,0.77767235926628719,1,3162
0,M2,2,late_mean,3,0.8583175205566097,0.75205417957507714,0.73669250259549068,0.075956266050584545,0.37606137990951538,0.20359335839748383,0.78722614049911499,-0.071091380057494713,0.50802803039550781,-0.050600885515496574,-0.027693651829377441,-0.04169644154714458,-0.031538570322129353,0.044975340366363525,0.032283499836921692,-0.014583706855773926,0.031278133392333984,0.10731208324432373,0.11543327008222644,0.21462418138980865,0.89057558507273882,1,3162
0,M2,3,late_mean,4,0.82827324478178366,0.72467395925203448,0.71066700576772279,0.043371203869750907,0.40705245733261108,0.22712613642215729,0.78824591636657715,-0.040027328415206509,0.51347064971923828,-0.08064516129032262,-0.0550738721524201,-0.067721938374912471,-0.064123632502962991,0.075966417789459229,0.055816277861595154,-0.013563930988311768,0.036720752716064453,0.1609681248664856,0.15306767868437698,0.1609681248664856,0.92820999367488932,1,3162
0,M2,5,late_mean,6,0.8045540796963947,0.70517397815090954,0.68957510756565743,0.027748030086697698,0.44664764404296875,0.25558626651763916,0.79267942905426025,-0.011874650642134443,0.51145404577255249,-0.10436432637571158,-0.074573853253545042,-0.088813836576977834,-0.0797468062860162,0.11556160449981689,0.084276407957077026,-0.0091304183006286621,0.034704148769378662,0.21462416648864746,0.1834282099936749,0.10731209069490433,0.95888678051865905,1,3162
0,M2,8,late_mean,9,0.7934851359898798,0.68732278972390215,0.67200595962675791,0.023046560580786225,0.48061081767082214,0.27729707956314087,0.79700499773025513,0.0035198617403753296,0.50531959533691406,-0.11543327008222648,-0.092425041680552433,-0.10638298451587735,-0.084448275791927679,0.14952477812767029,0.10598722100257874,-0.0048048496246337891,0.028569698333740234,0.25039485096931458,0.19671094244149273,0.071541383862495422,0.97343453510436428,1,3162
0,M2,16,late_mean,17,0.78431372549019607,0.6786026072646566,0.66360838294730617,0.021523177897078125,0.52284926176071167,0.29973128437995911,0.80177366733551025,0.017459941845314186,0.49515926837921143,-0.12460468058191021,-0.10114522413979798,-0.11478056119532909,-0.085971658475635773,0.19176322221755981,0.12842142581939697,-3.6180019378662109e-05,0.018409371376037598,0.28406140208244324,0.20999367488931056,0.037874855101108551,0.98734977862112583,1,3162
0,M2,32,late_mean,33,0.77893738140417457,0.67559855696399573,0.6608978207459637,0.030918111780789161,0.55467969179153442,0.31278574466705322,0.80463486909866333,0.025697487694488763,0.48721742630004883,-0.12998102466793171,-0.10414927444045885,-0.11749112339667156,-0.076576724591924744,0.22359365224838257,0.14147588610649109,0.0028250217437744141,0.010467529296875,0.30242496728897095,0.21600253004427578,0.019511288031935692,0.99367488931056291,1,3162
0,M2,64,late_mean,65,0.77703984819734351,0.67462921405783893,0.65992677036054681,0.033640025877485102,0.57733273506164551,0.31984412670135498,0.80618768930435181,0.029147841107008299,0.48208561539649963,-0.13187855787476277,-0.10511861734661565,-0.11846217378208845,-0.073854810495228795,0.24624669551849365,0.14853426814079285,0.0043778419494628906,0.0053357183933258057,0.31203049421310425,0.2185325743200506,0.0099057387560606003,0.99620493358633777,1,3162
0,M2,100,late_mean,101,0.77640733712839971,0.67103697131449147,0.65613953995999907,0.032966082238231116,0.58802729845046997,0.32247829437255859,0.80676984786987305,0.030362510741473336,0.47995787858963013,-0.13251106894370657,-0.10871086008996311,-0.12224940418263619,-0.074528754134482789,0.25694125890731812,0.15116843581199646,0.0049600005149841309,0.0032079815864562988,0.31556126475334167,0.21916508538899432,0.006374984048306942,0.99683744465528146,1,3162
0,M1,1,cpsa,2,0.89943074003795065,0.77521077101130909,0.77288635736579403,0.044580523313449041,0.2884293794631958,0.14721587300300598,0.8591645359992981,-0.040266204038652553,0.3924308717250824,0,0,0,0,0,0,0,0,0,0,0.23370814323425293,0.92441492726122709,1,3162
0,M1,2,cpsa,3,0.88741302972802028,0.74275397271876953,0.75251109008617656,0.03478006583124231,0.27800780534744263,0.14853078126907349,0.88139468431472778,-0.0060183454132924918,0.33440825343132019,-0.012017710309930374,-0.032456798292539557,-0.020375267279617471,-0.0098004574822067314,-0.010421574115753174,0.0013149082660675049,0.022230148315429688,-0.058022618293762207,0.083796724677085876,0.032574320050600888,0.14991141855716705,0.9566729917773561,1,3162
0,M1,3,cpsa,4,0.88172043010752688,0.73611776152753505,0.75012270738782583,0.033177774345324325,0.27973183989524841,0.15405522286891937,0.89322268962860107,0.011502259521074198,0.30205446481704712,-0.017710309930423773,-0.039093009483774033,-0.022763649977968203,-0.011402748968124717,-0.0086975395679473877,0.0068393498659133911,0.034058153629302979,-0.090376406908035278,0.12232621759176254,0.048070841239721697,0.11138193309307098,0.97216951296647691,1,3162
0,M1,5,cpsa,6,0.87855787476280833,0.7263708639968377,0.74579609808945813,0.036748697567709945,0.28721022605895996,0.16274213790893555,0.90599781274795532,0.027439937985146989,0.26612350344657898,-0.020872865275142316,-0.048839907014471384,-0.027090259276335904,-0.0078318257457390961,-0.0012191534042358398,0.015526264905929565,0.046833276748657227,-0.12630736827850342,0.15961804986000061,0.06040480708412397,0.074090100824832916,0.98450347881087918,1,3162
0,M1,8,cpsa,9,0.87286527514231504,0.72130509680191823,0.74033909993835578,0.042208646508351981,0.29704278707504272,0.17052261531352997,0.91507399082183838,0.042208715679523334,0.23905937373638153,-0.026565464895635604,-0.053905674209390853,-0.032547257427438248,-0.0023718768050970604,0.0086134076118469238,0.023306742310523987,0.055909454822540283,-0.15337149798870087,0.1841539740562439,0.067362428842504748,0.049554180353879929,0.99146110056925996,1,3162
0,M1,16,cpsa,17,0.87096774193548387,0.72218737978651826,0.74271947992132048,0.053037851766119415,0.31309899687767029,0.17964209616184235,0.92385965585708618,0.052891913921602307,0.20970721542835236,-0.028462998102466774,-0.053023391224790828,-0.03016687744447355,0.0084573284526703735,0.024669617414474487,0.032426223158836365,0.064695119857788086,-0.18272365629673004,0.20728141069412231,0.069892473118279563,0.026426728814840317,0.99399114484503481,1,3162
0,M1,32,cpsa,33,0.87001897533206829,0.7250019400582991,0.74785031660922729,0.060442192353906729,0.32816854119300842,0.18553833663463593,0.9287990927696228,0.058780117437554513,0.19090543687343597,-0.029411764705882359,-0.050208830953009986,-0.025036040756566735,0.015861669040457688,0.039739161729812622,0.038322463631629944,0.069634556770324707,-0.20152543485164642,0.22001136839389801,0.073055028462998106,0.013696782290935516,0.99715370018975336,1,3162
0,M1,64,cpsa,65,0.8697027197975965,0.73246267775931606,0.75403342808019691,0.065373129082359455,0.34082993865013123,0.18894042074680328,0.93144267797470093,0.061739958177104426,0.17959906160831451,-0.029728020240354147,-0.042748093251993025,-0.01885292928559712,0.020792605768910413,0.052400559186935425,0.041724547743797302,0.072278141975402832,-0.21283181011676788,0.22672742605209351,0.074636306135357364,0.0069807348772883415,0.99873497786211263,1,3162
0,M1,100,cpsa,101,0.86875395319418092,0.73196831953421138,0.75350518166212987,0.066046336768248046,0.34755522012710571,0.19025309383869171,0.9324263334274292,0.063672380233248282,0.17499728500843048,-0.030676786843769732,-0.04324245147709771,-0.019381175703664155,0.021465813454799004,0.059125840663909912,0.04303722083568573,0.073261797428131104,-0.21743358671665192,0.22920858860015869,0.075268817204301078,0.0044995388016104698,0.9996837444655281,1,3162
0,M2,1,cpsa,2,0.89943074003795065,0.77521077101130909,0.77288635736579403,0.044580523313449041,0.2884293794631958,0.14721587300300598,0.8591645359992981,-0.040266204038652553,0.3924308717250824,0,0,0,0,0,0,0,0,0,0,0.41016435623168945,0.78431372549019607,1,3162
0,M2,2,cpsa,3,0.89437065148640105,0.77880516935876509,0.76474885291742323,0.062598686973970183,0.31945055723190308,0.16233991086483002,0.83491146564483643,-0.059459185841564621,0.44345518946647644,-0.0050600885515496019,0.0035943983474560071,-0.0081375044483708026,0.018018163660521141,0.031021177768707275,0.015124037861824036,-0.02425307035446167,0.051024317741394043,0.098710961639881134,0.040796963946869068,0.31145340204238892,0.82384566729917774,1,3162
0,M2,3,cpsa,4,0.88298545224541425,0.76570632761016755,0.74890576846776946,0.060524104315031198,0.34606710076332092,0.17897558212280273,0.82259762287139893,-0.060387829374015323,0.46563023328781128,-0.0164452877925364,-0.009504443401141538,-0.023980588898024569,0.015943581001582156,0.057637721300125122,0.031759709119796753,-0.03656691312789917,0.073199361562728882,0.15683512389659882,0.064516129032258063,0.25332921743392944,0.84629981024667933,1,3162
0,M2,5,cpsa,6,0.85800126502213792,0.73783959615048078,0.72041598121106698,0.051617113459834149,0.3850531280040741,0.20534558594226837,0.81053823232650757,-0.047463032695630347,0.48381906747817993,-0.041429475015812733,-0.037371174860828305,-0.05247037615472705,0.0070365901463851077,0.096623748540878296,0.05812971293926239,-0.048626303672790527,0.091388195753097534,0.22392041981220245,0.10721062618595825,0.18624392151832581,0.88836179633143575,1,3162
0,M2,8,cpsa,9,0.83807716635041118,0.716406022165886,0.69970592481063276,0.033669670300344956,0.42269900441169739,0.23142866790294647,0.80511617660522461,-0.032960989745186575,0.49185100197792053,-0.061353573687539464,-0.058804748845423083,-0.073180432555161268,-0.010910853013104085,0.13426962494850159,0.084212794899940491,-0.054048359394073486,0.099420130252838135,0.27583399415016174,0.13693864642631245,0.13433033227920532,0.91935483870967738,1,3162
0,M2,16,cpsa,17,0.8096141682479443,0.69209156149949991,0.67699427212387098,0.023093521698677857,0.47489956021308899,0.26628223061561584,0.80280369520187378,-0.0068104730460705198,0.49330326914787292,-0.08981657179000635,-0.083119209511809178,-0.095892085241923053,-0.021487001614771184,0.18647018074989319,0.11906635761260986,-0.056360840797424316,0.10087239742279053,0.33245289325714111,0.1752055660974067,0.077711455523967743,0.95762175838077168,1,3162
0,M2,32,cpsa,33,0.79538266919671097,0.68423700987065261,0.6692771077849905,0.019563942676401852,0.51815664768218994,0.29192274808883667,0.8039705753326416,0.0085879061359306341,0.48915821313858032,-0.10404807084123968,-0.090973761140656473,-0.10360924958080353,-0.025016580637047189,0.22972726821899414,0.14470687508583069,-0.055193960666656494,0.096727341413497925,0.36778917908668518,0.1900695762175838,0.042375180870294571,0.97343453510436428,1,3162
0,M2,64,cpsa,65,0.78431372549019607,0.6783060233261855,0.66363877153207418,0.027339204231596383,0.55092531442642212,0.30805712938308716,0.80536925792694092,0.02105553243674485,0.48434877395629883,-0.11511701454775458,-0.096904747685123582,-0.10924758583371985,-0.017241319081852658,0.26249593496322632,0.16084125638008118,-0.053795278072357178,0.091917902231216431,0.38793057203292847,0.20303605313092979,0.022233793511986732,0.98703352308665404,1,3162
0,M2,100,cpsa,101,0.78083491461100574,0.67329526989053567,0.6583862999747444,0.02880243775137311,0.56695133447647095,0.3145768940448761,0.80613332986831665,0.025298415257310913,0.48184394836425781,-0.11859582542694491,-0.10191550112077341,-0.11450005739104963,-0.015778085562075932,0.27852195501327515,0.16736102104187012,-0.053031206130981445,0.089413076639175415,0.39567169547080994,0.2077798861480076,0.01449266541749239,0.99177735610373186,1,3162
1,M1,1,late_product,2,0.93263757115749524,0.8079385677105031,0.80189418438424498,0.029202874422374993,0.21842795610427856,0.10204453021287918,0.96053355932235718,0.02789598816486194,0.096973329782485962,0,0,0,0,0,0,0,0,0,0,0.18839363753795624,0.90828589500316259,1,3162
1,M1,2,late_product,3,0.91334598355471219,0.79571752180739053,0.79182336172046064,0.058845194644523854,0.38790091872215271,0.13923801481723785,0.97203314304351807,0.058687159488805873,0.06570541113615036,-0.019291587602783045,-0.012221045903112571,-0.01007082266378434,0.029642320222148862,0.16947296261787415,0.037193484604358673,0.011499583721160889,-0.031267918646335602,0.072377614676952362,0.036053130929791274,0.14855563640594482,0.94275774826059455,1,3162
1,M1,3,late_product,4,0.90006325110689434,0.78287767855604784,0.78309053399674022,0.080736099750010892,0.61595416069030762,0.17230908572673798,0.98007309436798096,0.080009843261086622,0.048139896243810654,-0.032574320050600902,-0.025060889154455257,-0.018803650387504756,0.0515332253276359,0.39752620458602905,0.070264555513858795,0.019539535045623779,-0.048833433538675308,0.11133607476949692,0.055344718532574319,0.13207274675369263,0.9620493358633776,1,3162
1,M1,5,late_product,6,0.89057558507273882,0.76977441920658529,0.7732450348054285,0.098596696920367724,1.0715529918670654,0.20316781103610992,0.9884108304977417,0.097835245425002881,0.029503563418984413,-0.04206198608475642,-0.038164148503917805,-0.02864914957881648,0.069393822497992724,0.85312503576278687,0.10112328082323074,0.027877271175384521,-0.067469766363501549,0.14350345730781555,0.067994939911448449,0.12968511879444122,0.97501581277672356,1,3162
1,M1,8,late_product,9,0.88330170777988615,0.75758955970481445,0.7663668297733498,0.10825658600440444,1.5904089212417603,0.22057931125164032,0.9915582537651062,0.10825654598522005,0.020216325297951698,-0.04933586337760909,-0.050349008005688645,-0.035527354610895179,0.079053711582029451,1.3719809651374817,0.11853478103876114,0.031024694442749023,-0.076757004484534264,0.16285604238510132,0.075585072738772935,0.13003729283809662,0.98260594560404813,1,3162
1,M1,16,late_product,17,0.87634408602150538,0.74702723071822597,0.7596578484914821,0.11981344209827255,2.3855454921722412,0.23982322216033936,0.99572360515594482,0.11937951913443945,0.010076274164021015,-0.056293485135989862,-0.060911336992277132,-0.042236335892762877,0.090610567675897563,2.1671175360679626,0.13777869194746017,0.035190045833587646,-0.086897055618464947,0.18254192173480988,0.084123972169512964,0.13387446105480194,0.99209361163820364,1,3162
1,M1,32,late_product,33,0.8747628083491461,0.74519177358683164,0.75879770356664755,0.12346121881823986,2.8928852081298828,0.24855658411979675,0.99812346696853638,0.12336065861939027,0.0044381343759596348,-0.057874762808349134,-0.062746794123671457,-0.043096480817597427,0.094258344395864863,2.6744572520256042,0.14651205390691757,0.037589907646179199,-0.092535195406526327,0.19180704653263092,0.087919038583175207,0.13757257163524628,0.99588867805186587,1,3162
1,M1,64,late_product,65,0.87223276407337125,0.74388257475520325,0.75746676259442491,0.12712436916329006,3.2201571464538574,0.25386324524879456,0.99922186136245728,0.12698909728908603,0.0019778450950980186,-0.06040480708412399,-0.064055992955299845,-0.044427421789820065,0.097921494740915077,3.0017291903495789,0.15181871503591537,0.038688302040100098,-0.094995484687387943,0.19686795771121979,0.091081593927893736,0.1393854171037674,0.99905123339658441,1,3162
1,M1,100,late_product,101,0.87223276407337125,0.74388257475520325,0.75746676259442491,0.12754832327855978,3.35964035987854,0.25479143857955933,0.99957627058029175,0.1273435065069205,0.00099124165717512369,-0.06040480708412399,-0.064055992955299845,-0.044427421789820065,0.098345448856184792,3.1412124037742615,0.15274690836668015,0.03904271125793457,-0.095982088125310838,0.19765301048755646,0.091081593927893736,0.14009883999824524,0.99905123339658441,1,3162
1,M2,1,late_product,2,0.93263757115749524,0.8079385677105031,0.80189418438424498,0.029202874422374993,0.21842795610427856,0.10204453021287918,0.96053355932235718,0.02789598816486194,0.096973329782485962,0,0,0,0,0,0,0,0,0,0,0.53068441152572632,0.78557874762808344,1,3162
1,M2,2,late_product,3,0.93105629348513597,0.82107110042414799,0.81159556901097363,0.043289593386167488,0.29315873980522156,0.11210089176893234,0.97178637981414795,0.040730086329011983,0.069621384143829346,-0.0015812776723592714,0.013132532713644895,0.0097013846267286485,0.014086718963792495,0.074730783700942993,0.010056361556053162,0.011252820491790771,-0.027351945638656616,0.071302495896816254,0.026881720430107527,0.49902346730232239,0.80866540164452883,1,3162
1,M2,3,late_product,4,0.91429475015812778,0.80831760079940418,0.79876244847308919,0.060872310460330127,0.44689655303955078,0.14414046704769135,0.97476983070373535,0.060475080545607574,0.061469979584217072,-0.01834282099936746,0.00037903308890108178,-0.0031317359111557863,0.031669436037955134,0.22846859693527222,0.042095936834812164,0.014236271381378174,-0.03550335019826889,0.12246145308017731,0.05249841872232764,0.4713299572467804,0.8314358001265022,1,3162
1,M2,5,late_product,6,0.88172043010752688,0.78062496337690135,0.76968254209503106,0.098589565277401231,0.90169000625610352,0.21201817691326141,0.97893154621124268,0.0972111161037158,0.050362370908260345,-0.050917141049968362,-0.027313604333601749,-0.032211642289213915,0.069386690855026245,0.68326205015182495,0.10997364670038223,0.018397986888885498,-0.046610958874225616,0.20360217988491058,0.090132827324478179,0.42436754703521729,0.86875395319418092,1,3162
1,M2,8,late_product,9,0.8529411764705882,0.74548810148303291,0.73544803011783266,0.13275017759454619,1.6869008541107178,0.27437552809715271,0.98514139652252197,0.13220022005193377,0.036316916346549988,-0.079696394686907035,-0.062450466227470192,-0.066446154266412316,0.1035473031721712,1.4684728980064392,0.17233099788427353,0.024607837200164795,-0.060656413435935974,0.26676762104034424,0.12144212523719165,0.39604350924491882,0.90006325110689434,1,3162
1,M2,16,late_product,17,0.81910183428209993,0.71462206792047878,0.70461700171436004,0.17165949284691062,3.1855423450469971,0.3486330509185791,0.99076128005981445,0.17165944577771453,0.02207498624920845,-0.11353573687539531,-0.093316499790024321,-0.097277182669884943,0.14245661842453564,2.9671143889427185,0.24658852070569992,0.030227720737457275,-0.074898343533277512,0.33985358476638794,0.15717900063251106,0.37577217817306519,0.93833017077798864,1,3162
1,M2,32,late_product,33,0.79285262492093611,0.69005085206019567,0.68559013799643409,0.20172899908690717,4.5087423324584961,0.40472912788391113,0.99458163976669312,0.201729014845757,0.012661398388445377,-0.13978494623655913,-0.11788771565030742,-0.11630404638781089,0.17252612466453218,4.2903143763542175,0.30268459767103195,0.034048080444335938,-0.084311931394040585,0.39350628852844238,0.1846932321315623,0.36898902058601379,0.96647691334598351,1,3162
1,M2,64,late_product,65,0.78051865907653384,0.67508160385068761,0.66949504645562474,0.21710925136918433,5.4155430793762207,0.43505218625068665,0.99704837799072266,0.21652971891418882,0.0067002559080719948,-0.1521189120809614,-0.13285696385981549,-0.13239913792862024,0.18790637694680934,5.1971151232719421,0.33300765603780746,0.036514818668365479,-0.090273073874413967,0.42189615964889526,0.198292220113852,0.37012606859207153,0.98102466793168885,1,3162
1,M2,100,late_product,101,0.77514231499051234,0.6682262716489763,0.66377377982209074,0.22272206987104107,5.7891182899475098,0.44603711366653442,0.9977378249168396,0.22259550992632726,0.0051031727343797684,-0.1574952561669829,-0.1397122960615268,-0.13812040456215424,0.19351919544866608,5.5706903338432312,0.34399258345365524,0.037204265594482422,-0.091870157048106194,0.43266800045967102,0.20398481973434535,0.37019172310829163,0.98798228969006963,1,3162
1,M1,1,late_mean,2,0.91587602783048705,0.78287361831218216,0.77723819449935949,0.11953775973956395,0.3280099630355835,0.17050211131572723,0.7992708683013916,-0.11660515952909545,0.47946605086326599,0,0,0,0,0,0,0,0,0,0,0.32479119300842285,0.92567994939911447,1,3162
1,M1,2,late_mean,3,0.88962681846932323,0.77084285021247168,0.77744103443814794,0.093852370091437695,0.30012249946594238,0.15644612908363342,0.838348388671875,-0.051278429797448233,0.42285847663879395,-0.026249209361163817,-0.012030768099710487,0.00020283993878844608,-0.02568538964812625,-0.027887463569641113,-0.014055982232093811,0.039077520370483398,-0.056607574224472046,0.10826374590396881,0.048070841239721697,0.21652749180793762,0.9731182795698925,1,3162
1,M1,3,late_mean,4,0.88614800759013279,0.76520052583407183,0.77557515336727434,0.067129881000458469,0.29309073090553284,0.15704481303691864,0.86023294925689697,-0.025915058333235819,0.38268950581550598,-0.029728020240354258,-0.01767309247811033,-0.0016630411320851524,-0.052407878739105476,-0.034919232130050659,-0.013457298278808594,0.060962080955505371,-0.09677654504776001,0.16239559650421143,0.055660974067046176,0.16239559650421143,0.98102466793168885,1,3162
1,M1,5,late_mean,6,0.87824161922833655,0.75059594669504259,0.76376588429893266,0.048250288921093211,0.29218190908432007,0.16272798180580139,0.88280206918716431,0.0045604499588277614,0.3326137363910675,-0.037634408602150504,-0.032277671617139569,-0.013472310200426829,-0.071287470818470727,-0.035828053951263428,-0.0077741295099258423,0.083531200885772705,-0.14685231447219849,0.21652746200561523,0.064516129032258063,0.10826374590396881,0.98987982289690069,1,3162
1,M1,8,late_mean,9,0.875079063883618,0.74894821571590053,0.76207645739148422,0.041494767389517684,0.29677140712738037,0.16934143006801605,0.89819836616516113,0.02311930228154313,0.29207062721252441,-0.040796963946869047,-0.033925402596281629,-0.015161737107875273,-0.078042992350046261,-0.031238555908203125,-0.0011606812477111816,0.098927497863769531,-0.18739542365074158,0.25261539220809937,0.067994939911448449,0.07217581570148468,0.99367488931056291,1,3162
1,M1,16,late_mean,17,0.87286527514231504,0.74461045497922884,0.75780900848275357,0.042853422627880361,0.30835214257240295,0.17763014137744904,0.9128652811050415,0.040000005962726459,0.24631530046463013,-0.043010752688172005,-0.038263163332953321,-0.019429186016605926,-0.076684337111683584,-0.019657820463180542,0.0071280300617218018,0.1135944128036499,-0.23315075039863586,0.28658047318458557,0.072106261859582549,0.038210727274417877,0.99778621125869704,1,3162
1,M1,32,late_mean,33,0.87223276407337125,0.74374313949396731,0.75746676259442491,0.048733404958308475,0.32145532965660095,0.18299496173858643,0.92094016075134277,0.048707396677971526,0.21642419695854187,-0.043643263757115802,-0.039130478818214853,-0.019771431904934578,-0.070804354781255463,-0.0065546333789825439,0.012492850422859192,0.12166929244995117,-0.26304185390472412,0.30510687828063965,0.073687539531941806,0.019684335216879845,0.99936748893105631,1,3162
1,M1,64,late_mean,65,0.87223276407337125,0.74374313949396731,0.75746676259442491,0.054131292169566095,0.33362379670143127,0.18603840470314026,0.92516899108886719,0.05293622701549594,0.19831696152687073,-0.043643263757115802,-0.039130478818214853,-0.019771431904934578,-0.06540646756999785,0.0056138336658477783,0.015536293387413025,0.12589812278747559,-0.28114908933639526,0.31479763984680176,0.073687539531941806,0.0099935643374919891,0.99936748893105631,1,3162
1,M1,100,late_mean,101,0.87223276407337125,0.74374313949396731,0.75746676259442491,0.056005214387521478,0.34050804376602173,0.18719804286956787,0.92672336101531982,0.054490596941948577,0.19091889262199402,-0.043643263757115802,-0.039130478818214853,-0.019771431904934578,-0.063532545352042474,0.012498080730438232,0.016695931553840637,0.12745249271392822,-0.28854715824127197,0.31835973262786865,0.073687539531941806,0.0064314892515540123,0.99936748893105631,1,3162
1,M2,1,late_mean,2,0.91587602783048705,0.78287361831218216,0.77723819449935949,0.11953775973956395,0.3280099630355835,0.17050211131572723,0.7992708683013916,-0.11660515952909545,0.47946605086326599,0,0,0,0,0,0,0,0,0,0,0.32479119300842285,0.77609108159392792,1,3162
1,M2,2,late_mean,3,0.8589500316255535,0.77562134975606156,0.762304030774137,0.072443517343218328,0.37418010830879211,0.20489586889743805,0.78763765096664429,-0.071312380658909214,0.50823807716369629,-0.056925996204933549,-0.0072522685561206002,-0.014934163725222493,-0.047094242396345617,0.046170145273208618,0.034393757581710815,-0.011633217334747314,0.028772026300430298,0.10826373100280762,0.116382036685642,0.21652749180793762,0.8912080961416825,1,3162
1,M2,3,late_mean,4,0.82858950031625556,0.75193067460171337,0.74240617090742733,0.043318161928223908,0.40616834163665771,0.22971941530704498,0.78983324766159058,-0.03875625265466498,0.51227360963821411,-0.087286527514231493,-0.030942943710468795,-0.03483202359193216,-0.076219597811340037,0.078158378601074219,0.059217303991317749,-0.0094376206398010254,0.03280755877494812,0.16239561140537262,0.1549652118912081,0.16239559650421143,0.92947501581277669,1,3162
1,M2,5,late_mean,6,0.80297280202403543,0.72328049297268271,0.7167611447768838,0.032290443919415254,0.44726696610450745,0.25962746143341064,0.7954399585723877,-0.0075328434516477305,0.50869947671890259,-0.11290322580645162,-0.059593125339499453,-0.060477049722475695,-0.087247315820148691,0.11925700306892395,0.089125350117683411,-0.0038309097290039062,0.029233425855636597,0.21652746200561523,0.18374446552814674,0.10826374590396881,0.95825426944971537,1,3162
1,M2,8,late_mean,9,0.79032258064516125,0.70423655901615545,0.69678096790065647,0.023991508490672823,0.48272860050201416,0.28239083290100098,0.80053848028182983,0.010215899636668579,0.5014110803604126,-0.12555344718532579,-0.078637059296026712,-0.080457226598703024,-0.095546251248891129,0.15471863746643066,0.11188872158527374,0.0012676119804382324,0.021945029497146606,0.25261539220809937,0.19671094244149273,0.072175823152065277,0.97153700189753323,1,3162
1,M2,16,late_mean,17,0.77862112586970267,0.68024402484401014,0.67442041952726195,0.02943423410181303,0.52708131074905396,0.30587947368621826,0.80607008934020996,0.027448963470507293,0.49004149436950684,-0.13725490196078438,-0.10262959346817202,-0.10281777497209754,-0.090103525637750911,0.19907134771347046,0.13537736237049103,0.0067992210388183594,0.010575443506240845,0.28658047318458557,0.20999367488931056,0.038210730999708176,0.98513598987982287,1,3162
1,M2,32,late_mean,33,0.77103099304237821,0.66635234966576695,0.6609782760620414,0.038304128718858729,0.56064993143081665,0.31953513622283936,0.80933511257171631,0.038304119529338099,0.48136442899703979,-0.14484503478810884,-0.11652126864641521,-0.11625991843731809,-0.081233631020705216,0.23263996839523315,0.14903302490711212,0.010064244270324707,0.0018983781337738037,0.30510690808296204,0.21758380771663505,0.019684301689267159,0.99335863377609113,1,3162
1,M2,64,late_mean,65,0.76818469323213157,0.66170361491145491,0.65705000804327163,0.042934234471429661,0.58459442853927612,0.32691532373428345,0.81111890077590942,0.042934207543777858,0.47581371665000916,-0.14769133459835548,-0.12117000340072726,-0.12018818645608786,-0.076603525268134284,0.25658446550369263,0.15641321241855621,0.011848032474517822,-0.0036523342132568359,0.31479761004447937,0.22043010752688172,0.0099935801699757576,0.99652118912080967,1,3162
1,M2,100,late_mean,101,0.76723592662871598,0.65485253008716204,0.65120954152759525,0.044549510269358064,0.59591817855834961,0.32966905832290649,0.81178539991378784,0.044549473285071861,0.47352272272109985,-0.14864010120177107,-0.12802108822502012,-0.12602865297176424,-0.074988249470205881,0.26790821552276611,0.15916694700717926,0.01251453161239624,-0.0059433281421661377,0.31835973262786865,0.22137887413029728,0.0064315022900700569,0.99746995572422514,1,3162
1,M1,1,cpsa,2,0.90449082858950036,0.79373262598846706,0.77990675500802065,0.04648569268678128,0.2736784815788269,0.13902558386325836,0.86243468523025513,-0.042056143359245235,0.37843811511993408,0,0,0,0,0,0,0,0,0,0,0.23514421284198761,0.91745730550284632,1,3162
1,M1,2,cpsa,3,0.89500316255534473,0.77567424284487807,0.77272822251414919,0.03233607971049951,0.26709848642349243,0.14284822344779968,0.88249951601028442,-0.01250364654506031,0.32578158378601074,-0.0094876660341556285,-0.018058383143588985,-0.007178532493871459,-0.01414961297628177,-0.0065799951553344727,0.0038226395845413208,0.020064830780029297,-0.05265653133392334,0.084120459854602814,0.036053130929791274,0.15102377533912659,0.95287792536369387,1,3162
1,M1,3,cpsa,4,0.89089184060721061,0.76659869100088773,0.77046847701813492,0.026408830043788516,0.27148663997650146,0.14960142970085144,0.89327150583267212,0.0023796652254615136,0.29637819528579712,-0.013598987982289756,-0.027133934987579322,-0.0094382779898857239,-0.020076862642992764,-0.0021918416023254395,0.010575845837593079,0.030836820602416992,-0.082059919834136963,0.12331587821245193,0.049019607843137254,0.11182835698127747,0.96616065781151172,1,3162
1,M1,5,cpsa,6,0.88456672991777352,0.76500761070566092,0.77094826587001164,0.033364191934098751,0.28232580423355103,0.15940238535404205,0.90470176935195923,0.020135039434185709,0.26381787657737732,-0.019924098671726842,-0.028725015282806132,-0.008958489138009007,-0.013121500752682529,0.0086473226547241211,0.020376801490783691,0.042267084121704102,-0.11462023854255676,0.161220982670784,0.063251106894370648,0.073923245072364807,0.98039215686274506,1,3162
1,M1,8,cpsa,9,0.87792536369386465,0.75546941072025764,0.76422989093605931,0.035226053938241332,0.29477307200431824,0.16769802570343018,0.91269826889038086,0.034772905196516213,0.23949025571346283,-0.026565464895635715,-0.038263215268209416,-0.015676864071961338,-0.011259638748539948,0.021094590425491333,0.028672441840171814,0.050263583660125732,-0.13894785940647125,0.18599237501621246,0.070841239721695135,0.049151837825775146,0.98829854522454141,1,3162
1,M1,16,cpsa,17,0.87634408602150538,0.74846662402165043,0.76114992292428829,0.045700043816871073,0.31337440013885498,0.17693799734115601,0.92041778564453125,0.044073699623025875,0.21345870196819305,-0.028146742567994987,-0.045266001966816627,-0.018756832083732355,-0.00078564886991020627,0.039695918560028076,0.037912413477897644,0.057983100414276123,-0.16497941315174103,0.20910906791687012,0.076217583807716635,0.026035139337182045,0.99367488931056291,1,3162
1,M1,32,cpsa,33,0.87286527514231504,0.74455863997998595,0.75776222561041706,0.051993864867070479,0.32953757047653198,0.18265111744403839,0.92473995685577393,0.051874681713458881,0.19704557955265045,-0.031625553447185317,-0.049173986008481108,-0.022144529397603585,0.0055081721802891989,0.055859088897705078,0.043625533580780029,0.062305271625518799,-0.18139253556728363,0.22170555591583252,0.080328905755850721,0.013438676483929157,0.99778621125869704,1,3162
1,M1,64,cpsa,65,0.87223276407337125,0.74426544434680186,0.75746676259442491,0.054872475314713356,0.34236297011375427,0.18585929274559021,0.927093505859375,0.054860741786003753,0.18729551136493683,-0.032258064516129115,-0.049467181641665192,-0.022439992413595733,0.0083867826279320767,0.068684488534927368,0.046833708882331848,0.064658820629119873,-0.19114260375499725,0.22831012308597565,0.081593927893738136,0.0068341013975441456,0.99905123339658441,1,3162
1,M1,100,cpsa,101,0.87223276407337125,0.74426544434680186,0.75746676259442491,0.056023609102865593,0.34893998503684998,0.18708059191703796,0.92795884609222412,0.055726082018852874,0.18335628509521484,-0.032258064516129115,-0.049467181641665192,-0.022439992413595733,0.0095379164160843133,0.075261503458023071,0.048055008053779602,0.065524160861968994,-0.19508183002471924,0.23074281215667725,0.081593927893738136,0.0044014318846166134,0.99905123339658441,1,3162
1,M2,1,cpsa,2,0.90449082858950036,0.79373262598846706,0.77990675500802065,0.04648569268678128,0.2736784815788269,0.13902558386325836,0.86243468523025513,-0.042056143359245235,0.37843811511993408,0,0,0,0,0,0,0,0,0,0,0.4144381582736969,0.78557874762808344,1,3162
1,M2,2,cpsa,3,0.90891840607210628,0.80578112136559887,0.79638030128106496,0.067211520400400168,0.30204728245735168,0.15164868533611298,0.84284776449203491,-0.066070641580071365,0.42540454864501953,0.0044275774826059155,0.012048495377131818,0.016473546273044315,0.020725827713618888,0.02836880087852478,0.012623101472854614,-0.019586920738220215,0.046966433525085449,0.09642888605594635,0.039215686274509803,0.31800928711891174,0.82352941176470584,1,3162
1,M2,3,cpsa,4,0.89816571790006328,0.79682065153505188,0.78885306554540813,0.066901343305000846,0.32784953713417053,0.16726680099964142,0.83175623416900635,-0.066409483731056929,0.44690081477165222,-0.0063251106894370857,0.0030880255465848272,0.0089463105373874807,0.020415650618219566,0.054171055555343628,0.028241217136383057,-0.030678451061248779,0.06846269965171814,0.15248972177505493,0.062934851359898791,0.26194846630096436,0.84661606578115112,1,3162
1,M2,5,cpsa,6,0.87855787476280833,0.77714858767809103,0.76805027617370436,0.058619825674867725,0.36690691113471985,0.19330032169818878,0.82061862945556641,-0.057939245307241927,0.46622791886329651,-0.025932953826692029,-0.016584038310376026,-0.011856478834316286,0.012134132988086445,0.093228429555892944,0.05427473783493042,-0.041816055774688721,0.087789803743362427,0.21751232445240021,0.092979127134724851,0.19692583382129669,0.87697659709044906,1,3162
1,M2,8,cpsa,9,0.84851359898798229,0.73873692916430134,0.72930690030432321,0.035184249536362275,0.40601241588592529,0.22029514610767365,0.81336516141891479,-0.035148437569067492,0.47658619284629822,-0.055977229601518075,-0.054995696824165718,-0.050599854703697433,-0.011301443150419005,0.13233393430709839,0.081269562244415283,-0.049069523811340332,0.098148077726364136,0.26884180307388306,0.12586970271979758,0.14559637010097504,0.91018342820999365,1,3162
1,M2,16,cpsa,17,0.82005060088551551,0.70926622074236245,0.70014822904325358,0.018829693161257474,0.46288052201271057,0.25855991244316101,0.8093109130859375,-0.010739687799578013,0.48175802826881409,-0.084440227703984849,-0.084466405246104603,-0.079758525964767069,-0.027655999525523806,0.18920204043388367,0.11953432857990265,-0.053123772144317627,0.10331991314888,0.32699987292289734,0.15812776723592664,0.087438307702541351,0.94212523719165087,1,3162
1,M2,32,cpsa,33,0.79822896900695761,0.69350387545646974,0.68435736409197923,0.022935027736112466,0.5126495361328125,0.28881016373634338,0.80882734060287476,0.010598371595917144,0.48013952374458313,-0.10626185958254275,-0.10022875053199731,-0.095549390916041421,-0.023550664950668813,0.2389710545539856,0.14978457987308502,-0.053607344627380371,0.10170140862464905,0.36526617407798767,0.18089816571790007,0.049172002822160721,0.96521189120809614,1,3162
1,M2,64,cpsa,65,0.78146742567994942,0.66928251192101129,0.66427858247921845,0.032244629634851765,0.55173510313034058,0.30904445052146912,0.80997133255004883,0.028503906870099405,0.47657239437103271,-0.12302340290955094,-0.12445011406745576,-0.1156281725288022,-0.014241063051929514,0.27805662155151367,0.17001886665821075,-0.052463352680206299,0.098134279251098633,0.38809069991111755,0.19734345351043645,0.026347488164901733,0.98260594560404813,1,3162
1,M2,100,cpsa,101,0.77387729285262497,0.65831774866341675,0.6545121642776901,0.040757003358690723,0.57102841138839722,0.31753671169281006,0.81080430746078491,0.036927014608159947,0.47445881366729736,-0.1306135357368754,-0.13541487732505031,-0.12539459073033055,-0.0057286893280905568,0.29734992980957031,0.1785111278295517,-0.051630377769470215,0.096020698547363281,0.39711123704910278,0.20524984187223277,0.017326952889561653,0.99082858950031627,1,3162
2,M1,1,late_product,2,0.92125237191650855,0.78635299783805346,0.79698602231996085,0.039798953784258601,0.25470784306526184,0.12171893566846848,0.96037542819976807,0.039123056283259516,0.097906358540058136,0,0,0,0,0,0,0,0,0,0,0.19303885102272034,0.90512333965844405,1,3162
2,M1,2,late_product,3,0.89943074003795065,0.78005195734189836,0.78713946093702691,0.074146652866359866,0.47690218687057495,0.16531501710414886,0.97357738018035889,0.074146640142408238,0.063563771545886993,-0.021821631878557901,-0.006301040496155097,-0.0098465613829339382,0.034347699082101266,0.22219434380531311,0.043596081435680389,0.01320195198059082,-0.034342586994171143,0.074022009968757629,0.037634408602150539,0.14912359416484833,0.94212523719165087,1,3162
2,M1,3,late_product,4,0.88962681846932323,0.77262192905859595,0.78073884744048383,0.091588705495367434,0.75515156984329224,0.19412477314472198,0.9804413914680481,0.090814572998724863,0.046326261013746262,-0.031625553447185317,-0.013731068779457511,-0.016247174879477022,0.051789751711108833,0.5004437267780304,0.07240583747625351,0.020065963268280029,-0.051580097526311874,0.10937035083770752,0.051549652118912083,0.13621509075164795,0.95604048070841241,1,3162
2,M1,5,late_product,6,0.88172043010752688,0.76470688588438629,0.77063145546054523,0.10583914523257398,1.2919119596481323,0.22101289033889771,0.98691004514694214,0.10518961503941526,0.031265001744031906,-0.039531941808981674,-0.021646111953667169,-0.026354566859415618,0.066040191448315383,1.0372041165828705,0.09929395467042923,0.026534616947174072,-0.06664135679602623,0.14155063033103943,0.065781151170145477,0.13126546144485474,0.96995572422517395,1,3162
2,M1,8,late_product,9,0.87223276407337125,0.76813418187225446,0.77276238253289309,0.11899711190711688,1.8756242990493774,0.24100659787654877,0.99122995138168335,0.1189971873083121,0.020655183121562004,-0.049019607843137303,-0.018218815965798996,-0.024223639787067763,0.079198158122858284,1.6209164559841156,0.11928766220808029,0.030854523181915283,-0.077251175418496132,0.16402369737625122,0.07811511701454775,0.13036653399467468,0.98260594560404813,1,3162
2,M1,16,late_product,17,0.8690702087286527,0.77085238735889916,0.77670639703017719,0.12689033312785486,2.6651391983032227,0.25715604424476624,0.99573272466659546,0.12666251593794275,0.010432769544422626,-0.052182163187855846,-0.015500610479154298,-0.020279625289783665,0.087091379343596259,2.4104313552379608,0.13543710857629776,0.035357296466827393,-0.087473588995635509,0.18289144337177277,0.086337760910815936,0.13570950925350189,0.99082858950031627,1,3162
2,M1,32,late_product,33,0.86527514231499048,0.76435285385758533,0.77166541755370088,0.13338363679581849,3.2128868103027344,0.26686698198318481,0.99794512987136841,0.13266998755637793,0.0052880034781992435,-0.055977229601518075,-0.022000143980468123,-0.025320604766259969,0.093584683011559894,2.9581789672374725,0.14514804631471634,0.037569701671600342,-0.092618355061858892,0.1940343976020813,0.090449082858950036,0.13888558745384216,0.99525616698292219,1,3162
2,M1,64,late_product,65,0.86211258697027193,0.75925428945912854,0.76682802924453364,0.13717195252162762,3.5198512077331543,0.27393150329589844,0.99928462505340576,0.13717203808313383,0.0019082287326455116,-0.059139784946236618,-0.027098708378924918,-0.030157993075427214,0.097372998737369015,3.2651433646678925,0.15221256762742996,0.038909196853637695,-0.095998129807412624,0.19977667927742004,0.093295382669196708,0.14116254448890686,0.99841872232764073,1,3162
2,M1,100,late_product,101,0.86211258697027193,0.75925428945912854,0.76682802924453364,0.1378139012188643,3.6428332328796387,0.27524825930595398,0.99968022108078003,0.1375676341105081,0.0010301943402737379,-0.059139784946236618,-0.027098708378924918,-0.030157993075427214,0.098014947434605704,3.3881253898143768,0.1535293236374855,0.039304792881011963,-0.096876164199784398,0.20085729658603668,0.093295382669196708,0.14195381104946136,0.99841872232764073,1,3162
2,M2,1,late_product,2,0.92125237191650855,0.78635299783805346,0.79698602231996085,0.039798953784258601,0.25470784306526184,0.12171893566846848,0.96037542819976807,0.039123056283259516,0.097906358540058136,0,0,0,0,0,0,0,0,0,0,0.54304242134094238,0.78779253636938651,1,3162
2,M2,2,late_product,3,0.92030360531309297,0.77641571916118013,0.78277236747319379,0.050331988444364505,0.31973186135292053,0.12556202709674835,0.97063565254211426,0.050332047229021293,0.073243856430053711,-0.00094876660341558505,-0.009937278676873329,-0.014213654846767065,0.010533034660105904,0.065024018287658691,0.0038430914282798767,0.010260224342346191,-0.024662502110004425,0.077104508876800537,0.031625553447185324,0.50971364974975586,0.81372549019607843,1,3162
2,M2,3,late_product,4,0.90670461733080332,0.7683354875062226,0.77665912902430734,0.066785489481736571,0.47477912902832031,0.15732282400131226,0.97349011898040771,0.066785501649604395,0.064136803150177002,-0.01454775458570523,-0.018017510331830855,-0.020326893295653514,0.02698653569747797,0.22007128596305847,0.035603888332843781,0.013114690780639648,-0.033769555389881134,0.13740547001361847,0.059772296015180262,0.47516390681266785,0.83965844402277034,1,3162
2,M2,5,late_product,6,0.87855787476280833,0.72180532016550891,0.72823322265105483,0.10188089524131266,0.93914443254470825,0.21774847805500031,0.98020559549331665,0.10164772073050832,0.048108723014593124,-0.042694497153700217,-0.064547677672544546,-0.068752799668906017,0.062081941457054063,0.68443658947944641,0.09602954238653183,0.019830167293548584,-0.049797635525465012,0.21312379837036133,0.097406704617330808,0.43421041965484619,0.87602783048703348,1,3162
2,M2,8,late_product,9,0.85262492093611641,0.68604809877166451,0.69346988284429123,0.13368295012471954,1.7144653797149658,0.27537590265274048,0.98630791902542114,0.13368299808930473,0.033829782158136368,-0.068627450980392135,-0.10030489906638895,-0.10351613947566962,0.093883996340460935,1.459757536649704,0.153656966984272,0.025932490825653076,-0.064076576381921768,0.2740665078163147,0.12713472485768501,0.40890184044837952,0.90765338393421879,1,3162
2,M2,16,late_product,17,0.81846932321315624,0.6573107477113096,0.66907376500042048,0.17386926892511004,3.1590240001678467,0.34979811310768127,0.99233859777450562,0.17386927456134937,0.018672004342079163,-0.10278304870335231,-0.12904225012674386,-0.12791225731954037,0.13407031514085144,2.9043161571025848,0.2280791774392128,0.031963169574737549,-0.079234354197978973,0.34638258814811707,0.16350411132194814,0.38908138871192932,0.9459203036053131,1,3162
2,M2,32,late_product,33,0.79728020240354203,0.64475518284277189,0.65593069501846146,0.19824067472582141,4.4583454132080078,0.39798617362976074,0.99524873495101929,0.19796853254747726,0.011228850111365318,-0.12397216951296652,-0.14159781499528157,-0.14105532730149939,0.15844172094156281,4.203637570142746,0.27626723796129227,0.034873306751251221,-0.086677508428692818,0.3908458948135376,0.18437697659709046,0.3833979070186615,0.96869070208728658,1,3162
2,M2,64,late_product,65,0.78241619228336501,0.63638913132293851,0.64835326361037626,0.21533651456736372,5.3670535087585449,0.43077772855758667,0.99775272607803345,0.21533653379466844,0.00532113341614604,-0.13883617963314354,-0.14996386651511495,-0.14863275870958459,0.17553756078310512,5.1123456656932831,0.30905879288911819,0.037377297878265381,-0.092585225123912096,0.41983801126480103,0.19892473118279569,0.38368645310401917,0.98450347881087918,1,3162
2,M2,100,late_product,101,0.77703984819734351,0.63365672616636448,0.64565686330786132,0.22157405202785369,5.7525696754455566,0.44329512119293213,0.99861389398574829,0.22157404578840478,0.0032721085008233786,-0.14421252371916504,-0.15269627167168898,-0.15132915901209953,0.18177509824359508,5.4978618323802948,0.32157618552446365,0.038238465785980225,-0.094634250039234757,0.4310833215713501,0.20430107526881722,0.38432151079177856,0.99082858950031627,1,3162
2,M1,1,late_mean,2,0.90733712839974701,0.78544048137442457,0.78994564686748248,0.11210047583237695,0.34120610356330872,0.17765989899635315,0.7955595850944519,-0.1117775433052951,0.49313962459564209,0,0,0,0,0,0,0,0,0,0,0.33206027746200562,0.91903858317520559,1,3162
2,M1,2,late_mean,3,0.87792536369386465,0.76413494163178441,0.77211787042725744,0.079931435085112051,0.31788158416748047,0.16783489286899567,0.83552050590515137,-0.042404857788713279,0.43308237195014954,-0.029411764705882359,-0.021305539742640156,-0.01782777644022504,-0.032169040747264899,-0.023324519395828247,-0.0098250061273574829,0.039960920810699463,-0.060057252645492554,0.11068675667047501,0.052814674256799497,0.22137352824211121,0.97122074636306133,1,3162
2,M1,3,late_mean,4,0.87413029728020242,0.7574953194458649,0.76630429263650379,0.052656429391507498,0.313792884349823,0.17060163617134094,0.85792714357376099,-0.016203153706441431,0.39093801379203796,-0.033206831119544589,-0.02794516192855967,-0.023641354230978684,-0.059444046440869452,-0.027413219213485718,-0.007058262825012207,0.062367558479309082,-0.10220161080360413,0.16603013873100281,0.060721062618595827,0.16603013873100281,0.97944339025932958,1,3162
2,M1,5,late_mean,6,0.86812144212523723,0.7492158107889324,0.76148282905867448,0.055711244976950292,0.31675368547439575,0.17848789691925049,0.88102293014526367,0.012901488020026441,0.33867576718330383,-0.039215686274509776,-0.036224670585492169,-0.028462817808807994,-0.056389230855426659,-0.024452418088912964,0.00082799792289733887,0.085463345050811768,-0.15446385741233826,0.22137351334095001,0.069259962049335863,0.11068675667047501,0.98829854522454141,1,3162
2,M1,8,late_mean,9,0.86654016445287796,0.76034663251581669,0.76945760180013079,0.05053363650905264,0.32491296529769897,0.1865895688533783,0.89674115180969238,0.030200987356814424,0.29652446508407593,-0.040796963946869047,-0.025093848858607881,-0.02048804506735169,-0.06156683932332431,-0.016293138265609741,0.0089296698570251465,0.10118156671524048,-0.19661515951156616,0.25826913118362427,0.073371283997469949,0.073791176080703735,0.99240986717267554,1,3162
2,M1,16,late_mean,17,0.86337760910815942,0.76255262501207677,0.77065221318941823,0.050426402361916235,0.34145331382751465,0.1962931901216507,0.91170728206634521,0.048329672958185799,0.24910308420658112,-0.04395951929158759,-0.022887856362347803,-0.019293433678064242,-0.061674073470460715,0.00024721026420593262,0.018633291125297546,0.11614769697189331,-0.24403654038906097,0.29299435019493103,0.07811511701454775,0.03906591609120369,0.99715370018975336,1,3162
2,M1,32,late_mean,33,0.86148007590132825,0.7588760286017785,0.76643120384770802,0.058466574913485794,0.35883274674415588,0.20243559777736664,0.91994661092758179,0.058466535026253541,0.21821348369121552,-0.04585705249841876,-0.026564452772646074,-0.023514443019774456,-0.053633900918891156,0.017626643180847168,0.024775698781013489,0.12438702583312988,-0.27492614090442657,0.31193539500236511,0.080012650221378878,0.020124882459640503,0.99905123339658441,1,3162
2,M1,64,late_mean,65,0.86084756483238456,0.758554728534373,0.76610439523090734,0.063572920910698355,0.37441691756248474,0.20588743686676025,0.92427247762680054,0.063424912794415977,0.19954670965671539,-0.046489563567362446,-0.026885752840051569,-0.023841251636575134,-0.048527554921678595,0.033210813999176025,0.028227537870407104,0.12871289253234863,-0.2935929149389267,0.32184305787086487,0.080645161290322578,0.01021723635494709,0.9996837444655281,1,3162
2,M1,100,late_mean,101,0.86053130929791266,0.75838291254416479,0.76592746671002987,0.065482919782418991,0.38303869962692261,0.20719744265079498,0.92586570978164673,0.065334400483734067,0.19193439185619354,-0.046805819101834345,-0.027057568830259782,-0.024018180157452607,-0.046617556049957959,0.041832596063613892,0.029537543654441833,0.13030612468719482,-0.30120523273944855,0.32548481225967407,0.080961416824794435,0.006575465202331543,1,1,3162
2,M2,1,late_mean,2,0.90733712839974701,0.78544048137442457,0.78994564686748248,0.11210047583237695,0.34120610356330872,0.17765989899635315,0.7955595850944519,-0.1117775433052951,0.49313962459564209,0,0,0,0,0,0,0,0,0,0,0.33206027746200562,0.78146742567994942,1,3162
2,M2,2,late_mean,3,0.8589500316255535,0.74063834368803461,0.74726326576992808,0.083494171924337737,0.38350933790206909,0.20796297490596771,0.78285366296768188,-0.076096368657871616,0.52478837966918945,-0.048387096774193505,-0.044802137686389965,-0.0426823810975544,-0.028606303908039213,0.042303234338760376,0.030303075909614563,-0.01270592212677002,0.031648755073547363,0.11068675667047501,0.11037318153067678,0.22137351334095001,0.89184060721062619,1,3162
2,M2,3,late_mean,4,0.82732447817836807,0.68302526871877234,0.69070930654293872,0.048359620658790348,0.41355019807815552,0.23079377412796021,0.78458058834075928,-0.042743889837608795,0.5300554633140564,-0.080012650221378934,-0.10241521265565223,-0.099236340324543759,-0.063740855173586602,0.072344094514846802,0.053133875131607056,-0.010978996753692627,0.036915838718414307,0.16603013873100281,0.15464895635673626,0.16603013873100281,0.93516761543327009,1,3162
2,M2,5,late_mean,6,0.80518659076533838,0.65417061394442955,0.66539001708493861,0.027272616554897537,0.45251435041427612,0.25874409079551697,0.78996032476425171,-0.015226266001086675,0.52756273746490479,-0.10215053763440862,-0.13126986742999502,-0.12455562978254386,-0.084827859277479406,0.11130824685096741,0.081084191799163818,-0.0055992603302001953,0.034423112869262695,0.22137351334095001,0.17994939911448452,0.11068675667047501,0.96110056925996201,1,3162
2,M2,8,late_mean,9,0.79000632511068947,0.64290033464443297,0.65462327717435775,0.027630980169561982,0.48633700609207153,0.28022179007530212,0.7947574257850647,0.0047511006743752304,0.5208965539932251,-0.11733080328905754,-0.1425401467299916,-0.13532236969312472,-0.084469495662814975,0.14513090252876282,0.10256189107894897,-0.00080215930938720703,0.027756929397583008,0.25826913118362427,0.19671094244149273,0.073791176080703735,0.9781783681214421,1,3162
2,M2,16,late_mean,17,0.77956989247311825,0.6349020375422656,0.64689424683654673,0.028139168932647493,0.52887749671936035,0.30251464247703552,0.80007678270339966,0.020506890230281405,0.51001536846160889,-0.12776723592662875,-0.15053844383215897,-0.14305140003093575,-0.083961306899729457,0.18767139315605164,0.12485474348068237,0.0045171976089477539,0.016875743865966797,0.29299435019493103,0.2077798861480076,0.039065912365913391,0.989247311827957,1,3162
2,M2,32,late_mean,33,0.77545857052498424,0.63230344592389731,0.64485004575509675,0.033742366628432705,0.56133633852005005,0.31552386283874512,0.80321687459945679,0.027758304074472551,0.50154322385787964,-0.13187855787476277,-0.15313703545052726,-0.14509560111238573,-0.078358109203944246,0.22013023495674133,0.13786396384239197,0.0076572895050048828,0.0084035992622375488,0.31193539500236511,0.21252371916508539,0.020124858245253563,0.99399114484503481,1,3162
2,M2,64,late_mean,65,0.7716635041113219,0.62990426483768958,0.64292721013401366,0.041879099156945515,0.58473199605941772,0.32256758213043213,0.80491989850997925,0.033256394398657352,0.49606883525848389,-0.13567362428842511,-0.15553621653673499,-0.14701843673346882,-0.070221376675431435,0.24352589249610901,0.14490768313407898,0.0093603134155273438,0.0029292106628417969,0.32184305787086487,0.21663504111321949,0.010217238217592239,0.99810246679316883,1,3162
2,M2,100,late_mean,101,0.77134724857685011,0.62974216075438549,0.64277430493523691,0.041670080625430331,0.59590440988540649,0.32519784569740295,0.80555737018585205,0.034210121609001942,0.49379658699035645,-0.1359898798228969,-0.15569832062003908,-0.14717134193224557,-0.070430395206946619,0.25469830632209778,0.1475379467010498,0.0099977850914001465,0.00065696239471435547,0.32548481225967407,0.21695129664769133,0.0065754600800573826,0.99841872232764073,1,3162
2,M1,1,cpsa,2,0.89437065148640105,0.76676570436569247,0.77375365626683246,0.034734900458789512,0.30428078770637512,0.15865693986415863,0.86268025636672974,-0.031690395119671311,0.38781636953353882,0,0,0,0,0,0,0,0,0,0,0.23641452193260193,0.91587602783048705,1,3162
2,M1,2,cpsa,3,0.88994307400379502,0.77012768426516465,0.77643473464629309,0.017059287443936116,0.29940542578697205,0.15938562154769897,0.88081276416778564,-0.009130309836009376,0.33693227171897888,-0.0044275774826060266,0.0033619798994721783,0.002681078379460633,-0.017675613014853396,-0.0048753619194030762,0.00072868168354034424,0.018132507801055908,-0.050884097814559937,0.075214676558971405,0.025300442757748259,0.16119983792304993,0.94117647058823528,1,3162
2,M1,3,cpsa,4,0.88456672991777352,0.76741820403994465,0.7732050612811473,0.015523989519350594,0.30290967226028442,0.16346043348312378,0.88933581113815308,0.0047690812203795563,0.30900391936302185,-0.0098039215686275272,0.00065249967425218269,-0.00054859498568515797,-0.01921091093943892,-0.0013711154460906982,0.0048034936189651489,0.02665555477142334,-0.078812450170516968,0.1117418184876442,0.03953194180898166,0.12467271089553833,0.95540796963946872,1,3162
2,M1,5,cpsa,6,0.87729285262492096,0.76544206272329574,0.77132161564413237,0.021054918425962341,0.31231001019477844,0.17092880606651306,0.89834779500961304,0.021054942384692077,0.27749723196029663,-0.017077798861480087,-0.0013236416423967334,-0.0024320406227000824,-0.013679982032827172,0.0080292224884033203,0.012271866202354431,0.035667538642883301,-0.11031913757324219,0.14917691051959991,0.054712207463630612,0.087237611413002014,0.97058823529411764,1,3162
2,M1,8,cpsa,9,0.87160025300442756,0.76863020783809233,0.77486033233940876,0.034219122042315149,0.32417184114456177,0.17876510322093964,0.90581947565078735,0.034219222646359793,0.25287613272666931,-0.022770398481973486,0.0018645034723998588,0.001106676072576307,-0.0005157784164743634,0.019891053438186646,0.020108163356781006,0.043139219284057617,-0.13494023680686951,0.17552046477794647,0.068311195445920306,0.060894064605236053,0.98418722327640729,1,3162
2,M1,16,cpsa,17,0.86685641998734975,0.76347149401218861,0.76923598362812096,0.050922840390681935,0.34396329522132874,0.18960928916931152,0.91533541679382324,0.048478996806473496,0.22458323836326599,-0.0275142314990513,-0.0032942103535038569,-0.0045176726387115007,0.016187939931892423,0.039682507514953613,0.030952349305152893,0.052655160427093506,-0.16323313117027283,0.20222529768943787,0.077166350411132192,0.034189213067293167,0.99304237824161923,1,3162
2,M1,32,cpsa,33,0.86337760910815942,0.75989361727855842,0.76745682038066521,0.058007260616032286,0.3633044958114624,0.19784930348396301,0.92138487100601196,0.058007261897852547,0.20507709681987762,-0.030993042378241631,-0.0068720870871340489,-0.0062968358861672513,0.023272360157242773,0.05902370810508728,0.039192363619804382,0.058704614639282227,-0.18273927271366119,0.21806232631206512,0.081277672359266293,0.01835220493376255,0.99715370018975336,1,3162
2,M1,64,cpsa,65,0.86148007590132825,0.75885781254667328,0.76642134242443483,0.063374450855583908,0.38007360696792603,0.20316007733345032,0.924854576587677,0.063374500686348756,0.1926080733537674,-0.032890575585072801,-0.007907891819019186,-0.0073323138423976308,0.028639550396794396,0.075792819261550903,0.044503137469291687,0.062174320220947266,-0.19520829617977142,0.22686289250850677,0.083175205566097407,0.0095516489818692207,0.99905123339658441,1,3162
2,M1,100,cpsa,101,0.86116382036685646,0.75868599655646507,0.76624441390355713,0.065038728127744985,0.38910186290740967,0.20533397793769836,0.92620253562927246,0.065038715262416003,0.18733660876750946,-0.033206831119544589,-0.0080797078092273988,-0.0075092423632753258,0.030303827668955473,0.084821075201034546,0.046677038073539734,0.063522279262542725,-0.20047976076602936,0.23020675778388977,0.083491461100569264,0.0062077781185507774,0.99936748893105631,1,3162
2,M2,1,cpsa,2,0.89437065148640105,0.76676570436569247,0.77375365626683246,0.034734900458789512,0.30428078770637512,0.15865693986415863,0.86268025636672974,-0.031690395119671311,0.38781636953353882,0,0,0,0,0,0,0,0,0,0,0.4277060329914093,0.78494623655913975,1,3162
2,M2,2,cpsa,3,0.88678051865907659,0.7576501766259055,0.76728043311747529,0.046268342280787501,0.32470807433128357,0.16795514523983002,0.84199780225753784,-0.044782716401538747,0.43660181760787964,-0.0075901328273244584,-0.0091155277397869661,-0.0064732231493571657,0.011533441821997989,0.020427286624908447,0.0092982053756713867,-0.020682454109191895,0.04878544807434082,0.086024090647697449,0.030360531309297913,0.34168195724487305,0.8149905123339658,1,3162
2,M2,3,cpsa,4,0.8801391524351676,0.74945365642090633,0.75907008405828569,0.052809491423697973,0.34328904747962952,0.17804120481014252,0.82983195781707764,-0.050307194618089968,0.46126279234886169,-0.014231499051233443,-0.017312047944786135,-0.014683572208546769,0.01807459096490846,0.039008259773254395,0.019384264945983887,-0.0328482985496521,0.073446422815322876,0.13774147629737854,0.052814674256799497,0.28996455669403076,0.8368121442125237,1,3162
2,M2,5,cpsa,6,0.8690702087286527,0.73032392947184988,0.74074183655886905,0.054554433346850277,0.37215235829353333,0.19509097933769226,0.8155515193939209,-0.053518689334731806,0.48598203063011169,-0.025300442757748343,-0.036441774893842593,-0.033011819707963408,0.019819532888060765,0.067871570587158203,0.03643403947353363,-0.047128736972808838,0.098165661096572876,0.20062541961669922,0.077482605945604049,0.22708059847354889,0.86148007590132825,1,3162
2,M2,8,cpsa,9,0.85958254269449719,0.70887126786230581,0.71892350115221293,0.059524689225514127,0.40228188037872314,0.21435075998306274,0.80387061834335327,-0.055711924351143916,0.50135165452957153,-0.03478810879190386,-0.057894436503386659,-0.054830155114619528,0.024789788766724614,0.098001092672348022,0.055693820118904114,-0.058809638023376465,0.11353528499603271,0.2534516453742981,0.099304237824161923,0.17425438761711121,0.88393421884882983,1,3162
2,M2,16,cpsa,17,0.82700822264389628,0.66127018429324436,0.67338294426061518,0.032314178764179184,0.44878512620925903,0.24604585766792297,0.79694664478302002,-0.030061577860876265,0.51134747266769409,-0.067362428842504762,-0.10549552007244811,-0.10037071200621728,-0.0024207216946103283,0.14450433850288391,0.087388917803764343,-0.065733611583709717,0.12353110313415527,0.31796535849571228,0.15401644528779254,0.10974066704511642,0.93896268184693232,1,3162
2,M2,32,cpsa,33,0.80518659076533838,0.64970563736822207,0.66248245384933291,0.01950567464033761,0.49269586801528931,0.27574792504310608,0.79781752824783325,-0.0073690625175051316,0.51044923067092896,-0.089184060721062663,-0.1170600669974704,-0.11127120241749955,-0.015229225818451902,0.18841508030891418,0.11709098517894745,-0.064862728118896484,0.12263286113739014,0.36383184790611267,0.17900063251106893,0.063874177634716034,0.96394686907020877,1,3162
2,M2,64,cpsa,65,0.79000632511068947,0.6396113803052238,0.65226298407103456,0.020553019456211949,0.53006953001022339,0.29824066162109375,0.80076444149017334,0.010758116379483873,0.5049816370010376,-0.10436432637571158,-0.12715432406046867,-0.1214906721957979,-0.014181881002577564,0.22578874230384827,0.13958372175693512,-0.061915814876556396,0.11716526746749878,0.39272838830947876,0.19481340923466162,0.034977618604898453,0.97975964579380137,1,3162
2,M2,100,cpsa,101,0.78083491461100574,0.63478671982537371,0.64758650525153361,0.029294581842301826,0.54989844560623169,0.3083452582359314,0.80244612693786621,0.021611212326860474,0.50121831893920898,-0.11353573687539531,-0.13197898454031876,-0.12616715101529885,-0.0054403186164876868,0.24561765789985657,0.14968831837177277,-0.060234129428863525,0.11340194940567017,0.40449890494346619,0.20398481973434535,0.023207139223814011,0.9889310562934851,1,3162
