dataset,seed,source,operator,k,reproduced_mean_l1,frozen_mean_l1,abs_discrepancy
MHEALTH,0,M1,late_product,2,0.0822332537418612,0.0822332575917244,3.849863192129099e-09
MHEALTH,0,M1,late_mean,2,0.11649451591359482,0.11649452149868011,5.585085297021841e-09
MHEALTH,0,M1,cpsa,2,0.16467449102518752,0.16467449069023132,3.349562016641272e-10
MHEALTH,0,M1,late_product,5,0.14967795240897064,0.14967794716358185,5.24538878998726e-09
MHEALTH,0,M1,late_mean,5,0.2662731789154729,0.2662732005119324,2.1596459454098493e-08
MHEALTH,0,M1,cpsa,5,0.32667981578024385,0.3266798257827759,1.0002532024877553e-08
MHEALTH,0,M1,late_product,16,0.21639180034872155,0.21639180183410645,1.4853848984142104e-09
MHEALTH,0,M1,late_mean,16,0.38831504872188727,0.3883150517940521,3.0721648558440506e-09
MHEALTH,0,M1,cpsa,16,0.40347919551142397,0.4034791886806488,6.830775167721015e-09
MHEALTH,0,M1,late_product,100,0.2743016297723244,0.2743016481399536,1.8367629195381596e-08
MHEALTH,0,M1,late_mean,100,0.4522727592439513,0.45227277278900146,1.3545050192576014e-08
MHEALTH,0,M1,cpsa,100,0.42715678668081003,0.4271567761898041,1.0491005952850685e-08
MHEALTH,0,M2,late_product,2,0.16967782504217802,0.16967782378196716,1.260210852338517e-09
MHEALTH,0,M2,late_mean,2,0.13358603448612746,0.13358603417873383,3.073936383213294e-10
MHEALTH,0,M2,cpsa,2,0.20529789328006964,0.20529788732528687,5.95478277798378e-09
MHEALTH,0,M2,late_product,5,0.3738383343333722,0.37383833527565,9.422778113332697e-10
MHEALTH,0,M2,late_mean,5,0.30533950677212873,0.305339515209198,8.437069265454511e-09
MHEALTH,0,M2,cpsa,5,0.4239226581834308,0.42392265796661377,2.168170087912813e-10
MHEALTH,0,M2,late_product,16,0.4553481926322588,0.4553481936454773,1.0132185090938606e-09
MHEALTH,0,M2,late_mean,16,0.44528679736526644,0.44528675079345703,4.6571809408924025e-08
MHEALTH,0,M2,cpsa,16,0.5159858635984788,0.5159858465194702,1.7079008540754614e-08
MHEALTH,0,M2,late_product,100,0.5225207908869611,0.5225207805633545,1.0323606636220006e-08
MHEALTH,0,M2,late_mean,100,0.5186282124811115,0.5186282396316528,2.715054137070183e-08
MHEALTH,0,M2,cpsa,100,0.5405890032270796,0.5405890345573425,3.13302629395551e-08
MHEALTH,0,M3,late_product,2,0.12291509466951617,0.12291509658098221,1.9114660410046724e-09
MHEALTH,0,M3,late_mean,2,0.14220430351285637,0.14220429956912994,3.943726428756733e-09
MHEALTH,0,M3,cpsa,2,0.20092707744213759,0.20092706382274628,1.3619391309172002e-08
MHEALTH,0,M3,late_product,5,0.2799284868978823,0.2799284756183624,1.1279519873674815e-08
MHEALTH,0,M3,late_mean,5,0.32503840827987,0.3250384032726288,5.007241232757309e-09
MHEALTH,0,M3,cpsa,5,0.42613176744979503,0.4261317551136017,1.2336193344619772e-08
MHEALTH,0,M3,late_product,16,0.43452623838814664,0.4345262050628662,3.332528042410132e-08
MHEALTH,0,M3,late_mean,16,0.47401435251804064,0.4740143418312073,1.068683336269416e-08
MHEALTH,0,M3,cpsa,16,0.5323656391075048,0.5323656797409058,4.0633400977263534e-08
MHEALTH,0,M3,late_product,100,0.5569626600849779,0.5569626092910767,5.079390119622218e-08
MHEALTH,0,M3,late_mean,100,0.5520873165599168,0.5520873665809631,5.002104630502657e-08
MHEALTH,0,M3,cpsa,100,0.5625053930682522,0.5625054240226746,3.0954422358675515e-08
MHEALTH,1,M1,late_product,2,0.11482395407772829,0.11482394486665726,9.211071030912343e-09
MHEALTH,1,M1,late_mean,2,0.1210343019617012,0.12103430181741714,1.4428405692434865e-10
MHEALTH,1,M1,cpsa,2,0.2086850555730644,0.20868505537509918,1.9796522754411683e-10
MHEALTH,1,M1,late_product,5,0.19295106027256384,0.19295106828212738,8.009563540190001e-09
MHEALTH,1,M1,late_mean,5,0.2766498338584541,0.2766498327255249,1.1329291949024878e-09
MHEALTH,1,M1,cpsa,5,0.39896593718995715,0.3989659249782562,1.2211700928244085e-08
MHEALTH,1,M1,late_product,16,0.2796367854124981,0.27963677048683167,1.492566642502524e-08
MHEALTH,1,M1,late_mean,16,0.4034476720272708,0.403447687625885,1.5598614233613972e-08
MHEALTH,1,M1,cpsa,16,0.47019878444819657,0.47019878029823303,4.149963539479273e-09
MHEALTH,1,M1,late_product,100,0.3540293228891324,0.3540292978286743,2.5060458097581062e-08
MHEALTH,1,M1,late_mean,100,0.4698978442426474,0.4698978364467621,7.795885326178364e-09
MHEALTH,1,M1,cpsa,100,0.48607781123977534,0.48607784509658813,3.3856812797772307e-08
MHEALTH,1,M2,late_product,2,0.21098528388778812,0.21098528802394867,4.136160552947743e-09
MHEALTH,1,M2,late_mean,2,0.144534291246279,0.14453428983688354,1.4093954614491366e-09
MHEALTH,1,M2,cpsa,2,0.24975450811949315,0.24975450336933136,4.750161791688967e-09
MHEALTH,1,M2,late_product,5,0.4107861174035642,0.41078609228134155,2.5122222635509672e-08
MHEALTH,1,M2,late_mean,5,0.3303640965729282,0.3303641080856323,1.1512704123362028e-08
MHEALTH,1,M2,cpsa,5,0.4977539955807174,0.4977540075778961,1.1997178694933552e-08
MHEALTH,1,M2,late_product,16,0.5819009299875445,0.5819008946418762,3.534566828111707e-08
MHEALTH,1,M2,late_mean,16,0.4817809681202862,0.4817809760570526,7.936766410754359e-09
MHEALTH,1,M2,cpsa,16,0.581941649156701,0.5819416046142578,4.454244317830813e-08
MHEALTH,1,M2,late_product,100,0.6204746448696754,0.620474636554718,8.314957389288224e-09
MHEALTH,1,M2,late_mean,100,0.5611330803888065,0.561133086681366,6.292559473486392e-09
MHEALTH,1,M2,cpsa,100,0.5995712573556992,0.5995712876319885,3.0276289364472575e-08
MHEALTH,1,M3,late_product,2,0.09313689745624389,0.09313689917325974,1.7170158489454579e-09
MHEALTH,1,M3,late_mean,2,0.1452734939714373,0.14527350664138794,1.2669950644195183e-08
MHEALTH,1,M3,cpsa,2,0.25283023225095264,0.25283023715019226,4.8992396251001935e-09
MHEALTH,1,M3,late_product,5,0.21047561318260025,0.2104756087064743,4.476125942121101e-09
MHEALTH,1,M3,late_mean,5,0.33205369966754217,0.33205369114875793,8.518784233579879e-09
MHEALTH,1,M3,cpsa,5,0.4630923737388793,0.4630923867225647,1.2983685404588385e-08
MHEALTH,1,M3,late_product,16,0.366668596062714,0.36666858196258545,1.4100128564731307e-08
MHEALTH,1,M3,late_mean,16,0.48424498971732255,0.4842449724674225,1.724990006390925e-08
MHEALTH,1,M3,cpsa,16,0.5241617291436644,0.5241617560386658,2.6895001337123858e-08
MHEALTH,1,M3,late_product,100,0.5311129299217495,0.5311129689216614,3.899991185551954e-08
MHEALTH,1,M3,late_mean,100,0.5640029824126458,0.5640029311180115,5.1294634317855525e-08
MHEALTH,1,M3,cpsa,100,0.5369532699382696,0.5369532704353333,4.970636124923544e-10
MHEALTH,2,M1,late_product,2,0.13130950459488483,0.13130950927734375,4.6824589206018175e-09
MHEALTH,2,M1,late_mean,2,0.11723146261466887,0.11723146587610245,3.2614335815361883e-09
MHEALTH,2,M1,cpsa,2,0.18532157291558468,0.18532156944274902,3.472835657936102e-09
MHEALTH,2,M1,late_product,5,0.19226655332872875,0.1922665685415268,1.5212798049057952e-08
MHEALTH,2,M1,late_mean,5,0.26795762949552715,0.2679576277732849,1.7222422377116686e-09
MHEALTH,2,M1,cpsa,5,0.3614272551459411,0.36142727732658386,2.2180642766933545e-08
MHEALTH,2,M1,late_product,16,0.2549205356846024,0.2549205422401428,6.555540443820007e-09
MHEALTH,2,M1,late_mean,16,0.3907715435619357,0.3907715380191803,5.5427554213061114e-09
MHEALTH,2,M1,cpsa,16,0.4175043752693193,0.41750437021255493,5.056764396105251e-09
MHEALTH,2,M1,late_product,100,0.3186227137730091,0.3186227083206177,5.452391427240855e-09
MHEALTH,2,M1,late_mean,100,0.45513385122180416,0.455133855342865,4.1210608259234505e-09
MHEALTH,2,M1,cpsa,100,0.4300087231868944,0.4300087094306946,1.3756199845893491e-08
MHEALTH,2,M2,late_product,2,0.19838223571189562,0.19838224351406097,7.802165358228308e-09
MHEALTH,2,M2,late_mean,2,0.139390185662112,0.13939018547534943,1.8676257762528792e-10
MHEALTH,2,M2,cpsa,2,0.21527166911234857,0.21527166664600372,2.4663448505712893e-09
MHEALTH,2,M2,late_product,5,0.4859948759598484,0.4859948754310608,5.287876247983547e-10
MHEALTH,2,M2,late_mean,5,0.31860613916921754,0.3186061680316925,2.886247496558525e-08
MHEALTH,2,M2,cpsa,5,0.46144129191089045,0.461441308259964,1.6349073539423387e-08
MHEALTH,2,M2,late_product,16,0.6120802957989088,0.6120802760124207,1.978648811462591e-08
MHEALTH,2,M2,late_mean,16,0.46463395917528155,0.4646339416503906,1.75248909273229e-08
MHEALTH,2,M2,cpsa,16,0.5393342325960983,0.5393341779708862,5.462521202037607e-08
MHEALTH,2,M2,late_product,100,0.6411253114700115,0.6411253213882446,9.918233123684672e-09
MHEALTH,2,M2,late_mean,100,0.5411617896935256,0.5411617755889893,1.4104536316672522e-08
MHEALTH,2,M2,cpsa,100,0.5545209479238185,0.5545209646224976,1.6698679106141867e-08
MHEALTH,2,M3,late_product,2,0.043296902984484575,0.04329690337181091,3.8732633766969116e-10
MHEALTH,2,M3,late_mean,2,0.13417931154566762,0.13417930901050568,2.5351619414859528e-09
MHEALTH,2,M3,cpsa,2,0.20732987790281449,0.2073298841714859,6.268671415288196e-09
MHEALTH,2,M3,late_product,5,0.1679970050504958,0.16799700260162354,2.448872271632041e-09
MHEALTH,2,M3,late_mean,5,0.3066955682825606,0.3066955804824829,1.219992229462008e-08
MHEALTH,2,M3,cpsa,5,0.42213876434783165,0.4221387803554535,1.6007621839175812e-08
MHEALTH,2,M3,late_product,16,0.30963725852885204,0.30963724851608276,1.0012769280365319e-08
MHEALTH,2,M3,late_mean,16,0.44726437260836877,0.4472644031047821,3.0496413339076156e-08
MHEALTH,2,M3,cpsa,16,0.490735517715606,0.4907355308532715,1.3137665511031571e-08
MHEALTH,2,M3,late_product,100,0.3872268844752012,0.3872268795967102,4.878491000059881e-09
MHEALTH,2,M3,late_mean,100,0.520931474746379,0.5209314823150635,7.568684456948915e-09
MHEALTH,2,M3,cpsa,100,0.5050123753437075,0.5050123929977417,1.7654034234482197e-08
HAPT,0,M1,late_product,2,0.06961147816583342,0.06961148232221603,4.156382613085263e-09
HAPT,0,M1,late_mean,2,0.10731208684248915,0.10731208324432373,3.5981654183947498e-09
HAPT,0,M1,cpsa,2,0.08379672965505505,0.08379672467708588,4.977969175756769e-09
HAPT,0,M1,late_product,5,0.13785136241869728,0.13785137236118317,9.942485890146457e-09
HAPT,0,M1,late_mean,5,0.21462417295095138,0.21462416648864746,6.4623039142119865e-09
HAPT,0,M1,cpsa,5,0.15961805410119517,0.1596180498600006,4.241194562215611e-09
HAPT,0,M1,late_product,16,0.1749062880638898,0.17490629851818085,1.0454291043959785e-08
HAPT,0,M1,late_mean,16,0.2840614016161919,0.28406140208244324,4.662513153341763e-10
HAPT,0,M1,cpsa,16,0.20728142304711952,0.20728141069412231,1.2352997208475713e-08
HAPT,0,M1,late_product,100,0.18803132885872484,0.18803133070468903,1.8459641870638421e-09
HAPT,0,M1,late_mean,100,0.31556128359034824,0.31556129455566406,1.0965315822009103e-08
HAPT,0,M1,cpsa,100,0.22920861349914504,0.2292085886001587,2.4898986344945584e-08
HAPT,0,M2,late_product,2,0.06686986622889649,0.06686986982822418,3.599327697001442e-09
HAPT,0,M2,late_mean,2,0.1073120863016288,0.10731208324432373,3.0573050757709552e-09
HAPT,0,M2,cpsa,2,0.09871095545963464,0.09871096163988113,6.180246495124386e-09
HAPT,0,M2,late_product,5,0.186735513715414,0.18673551082611084,2.8893031578380857e-09
HAPT,0,M2,late_mean,5,0.21462416979560636,0.21462416648864746,3.3069589011613942e-09
HAPT,0,M2,cpsa,5,0.22392044356199264,0.22392041981220245,2.3749790190041864e-08
HAPT,0,M2,late_product,16,0.3238981576603606,0.32389816641807556,8.7577149421314e-09
HAPT,0,M2,late_mean,16,0.28406140106073363,0.28406140208244324,1.0217096058084962e-09
HAPT,0,M2,cpsa,16,0.3324529034941331,0.3324528932571411,1.0236991976331211e-08
HAPT,0,M2,late_product,100,0.4261457049125077,0.42614567279815674,3.211435095629156e-08
HAPT,0,M2,late_mean,100,0.31556127659712835,0.3155612647533417,1.184378667362651e-08
HAPT,0,M2,cpsa,100,0.3956716943855315,0.39567169547080994,1.085278422685576e-09
HAPT,1,M1,late_product,2,0.07237761613936038,0.07237761467695236,1.4624080141301121e-09
HAPT,1,M1,late_mean,2,0.10826373383656719,0.10826374590396881,1.2067401619630935e-08
HAPT,1,M1,cpsa,2,0.084120453097725,0.08412045985460281,6.756877807267969e-09
HAPT,1,M1,late_product,5,0.14350345790523011,0.14350345730781555,5.974145622644755e-10
HAPT,1,M1,late_mean,5,0.2165274665601989,0.21652746200561523,4.554583654670097e-09
HAPT,1,M1,cpsa,5,0.16122098827581827,0.161220982670784,5.605034270050879e-09
HAPT,1,M1,late_product,16,0.1825419181634394,0.18254192173480988,3.5713704771289656e-09
HAPT,1,M1,late_mean,16,0.2865804761994969,0.28658047318458557,3.014911320597946e-09
HAPT,1,M1,cpsa,16,0.2091090901872406,0.20910906791687012,2.227037049218339e-08
HAPT,1,M1,late_product,100,0.19765300903405988,0.19765301048755646,1.4534965731005656e-09
HAPT,1,M1,late_mean,100,0.3183597143918279,0.31835973262786865,1.8236040733032866e-08
HAPT,1,M1,cpsa,100,0.23074279824192043,0.23074281215667725,1.3914756819000118e-08
HAPT,1,M2,late_product,2,0.07130249674015916,0.07130249589681625,8.433429093956946e-10
HAPT,1,M2,late_mean,2,0.10826373467592015,0.10826373100280762,3.673112536350942e-09
HAPT,1,M2,cpsa,2,0.09642889008310436,0.09642888605594635,4.027158009844989e-09
HAPT,1,M2,late_product,5,0.203602183970143,0.20360217988491058,4.0852324301177134e-09
HAPT,1,M2,late_mean,5,0.21652746896750522,0.21652746200561523,6.961889981171865e-09
HAPT,1,M2,cpsa,5,0.21751232717017643,0.2175123244524002,2.71777622629088e-09
HAPT,1,M2,late_product,16,0.3398535946987133,0.33985358476638794,9.932325351069693e-09
HAPT,1,M2,late_mean,16,0.2865804738737675,0.28658047318458557,6.891819337440097e-10
HAPT,1,M2,cpsa,16,0.32699987723012286,0.32699987292289734,4.307225520694402e-09
HAPT,1,M2,late_product,100,0.4326680126187033,0.432668000459671,1.2159032281022775e-08
HAPT,1,M2,late_mean,100,0.3183597018877055,0.31835973262786865,3.0740163137199517e-08
HAPT,1,M2,cpsa,100,0.3971112203800477,0.3971112370491028,1.6669055080686945e-08
HAPT,2,M1,late_product,2,0.07402201095428332,0.07402200996875763,9.855256888346986e-10
HAPT,2,M1,late_mean,2,0.1106867587981812,0.110686756670475,2.1277061917901463e-09
HAPT,2,M1,cpsa,2,0.0752146794576199,0.0752146765589714,2.8986485017812313e-09
HAPT,2,M1,late_product,5,0.1415506428061269,0.14155063033103943,1.2475087463048595e-08
HAPT,2,M1,late_mean,5,0.22137351701799307,0.22137351334095,3.6770430589250225e-09
HAPT,2,M1,cpsa,5,0.1491769139042914,0.14917691051959991,3.384691499297432e-09
HAPT,2,M1,late_product,16,0.18289143024536672,0.18289144337177277,1.3126406045449457e-08
HAPT,2,M1,late_mean,16,0.2929943580610173,0.29299435019493103,7.866086282337648e-09
HAPT,2,M1,cpsa,16,0.20222531427480334,0.20222529768943787,1.658536546988998e-08
HAPT,2,M1,late_product,100,0.2008572950410843,0.20085729658603668,1.5449523882438143e-09
HAPT,2,M1,late_mean,100,0.32548481301985316,0.3254848122596741,7.601790863454028e-10
HAPT,2,M1,cpsa,100,0.23020674801818752,0.23020675778388977,9.765702246866681e-09
HAPT,2,M2,late_product,2,0.07710451664808379,0.07710450887680054,7.771283255797456e-09
HAPT,2,M2,late_mean,2,0.1106867576012334,0.110686756670475,9.307583870299396e-10
HAPT,2,M2,cpsa,2,0.08602408690843755,0.08602409064769745,3.739259901713865e-09
HAPT,2,M2,late_product,5,0.21312380087649604,0.21312379837036133,2.506134716417918e-09
HAPT,2,M2,late_mean,5,0.22137351574805952,0.22137351334095,2.4071095117150776e-09
HAPT,2,M2,cpsa,5,0.20062543039067354,0.20062541961669922,1.0773974323807778e-08
HAPT,2,M2,late_product,16,0.346382588207894,0.34638258814811707,5.977696115877507e-11
HAPT,2,M2,late_mean,16,0.2929943598921469,0.29299435019493103,9.697215863635478e-09
HAPT,2,M2,cpsa,16,0.3179653469379243,0.3179653584957123,1.1557788004434855e-08
HAPT,2,M2,late_product,100,0.4310833176984021,0.4310833215713501,3.872948017846767e-09
HAPT,2,M2,late_mean,100,0.32548481727629913,0.3254848122596741,5.016625059806046e-09
HAPT,2,M2,cpsa,100,0.40449888408851725,0.4044989049434662,2.0854948934445616e-08
